-- 회원 테이블
-- member_pw는 Abcd123!을 인코딩한 값임.
INSERT INTO member(member_id, member_pw, member_name, member_phone, member_birth, member_gender, member_role, created_at, last_modified_at)
VALUES
    ('ssginc-be@gmail.com', '$2a$10$sz8Mcqadio/vMdOe5CD5UuUWzhHPV7RWzzovhj8vLUN5b3I0NCIfW', '관리자', '01098765432', '1990-05-21', 'MALE', 'ADMIN', '2025-02-22T22:04:44', '2025-02-22T22:04:44'),
    ('manager@gmail.com', '$2a$10$sz8Mcqadio/vMdOe5CD5UuUWzhHPV7RWzzovhj8vLUN5b3I0NCIfW', '운영자', '01011112222', '1994-01-17', 'FEMALE', 'MANAGER', '2025-02-22T22:04:44', '2025-02-22T22:04:44'),
    ('qriositylog@gmail.com', '$2a$10$sz8Mcqadio/vMdOe5CD5UuUWzhHPV7RWzzovhj8vLUN5b3I0NCIfW', '큐리', '01012345678', '1998-07-24', 'FEMALE', 'MEMBER', '2025-02-22T22:04:44', '2025-02-22T22:04:44')
;


-- 팝업스토어 테이블
INSERT INTO store(created_at, store_name, store_start, store_end, store_at, store_short_desc, store_long_desc)
VALUES
    ('2025-02-22T22:04:44', 'ZEROBASEONE', '2025-02-21', '2025-03-06', '5층 사운즈 포레스트', 'ZEROBASEONE\nThe 5th Mini Album ‘BLUE PARADISE’\n발매 기념 POP-UP STORE를 진행합니다.', '매우매우길고띄어쓰기없는텍스트매우매우길고띄어쓰기없는텍스트매우매우길고띄어쓰기없는텍스트매우매우길고띄어쓰기없는텍스트매우매우길고띄어쓰기없는텍스트매우매우길고띄어쓰기없는텍스트매우매우길고띄어쓰기없는텍스트매우매우길고띄어쓰기없는텍스트매우매우길고띄어쓰기없는텍스트매우매우길고띄어쓰기없는텍스트매우매우길고띄어쓰기없는텍스트매우매우길고띄어쓰기없는텍스트매우매우길고띄어쓰기없는텍스트매우매우길고띄어쓰기없는텍스트매우매우길고띄어쓰기없는텍스트매우매우길고띄어쓰기없는텍스트매우매우길고띄어쓰기없는텍스트매우매우길고띄어쓰기없는텍스트매우매우길고띄어쓰기없는텍스트매우매우길고띄어쓰기없는텍스트매우매우길고띄어쓰기없는텍스트매우매우길고띄어쓰기없는텍스트매우매우길고띄어쓰기없는텍스트매우매우길고띄어쓰기없는텍스트매우매우길고띄어쓰기없는텍스트매우매우길고띄어쓰기없는텍스트매우매우길고띄어쓰기없는텍스트매우매우길고띄어쓰기없는텍스트매우매우길고띄어쓰기없는텍스트\n\n그리고 띄어쓰기랑\nline break 있는 텍스트'),
    ('2025-02-22T22:04:44', '체이싱래빗', '2025-02-20', '2025-02-26', '지하2층 POP-UP@EAST', '컬러풀 비건 뷰티 \"체이싱래빗\"의\n두 번째 팝업 in 신세계백화점 강남', '매우매우길고띄어쓰기없는텍스트매우매우길고띄어쓰기없는텍스트매우매우길고띄어쓰기없는텍스트매우매우길고띄어쓰기없는텍스트매우매우길고띄어쓰기없는텍스트매우매우길고띄어쓰기없는텍스트매우매우길고띄어쓰기없는텍스트매우매우길고띄어쓰기없는텍스트매우매우길고띄어쓰기없는텍스트매우매우길고띄어쓰기없는텍스트매우매우길고띄어쓰기없는텍스트매우매우길고띄어쓰기없는텍스트매우매우길고띄어쓰기없는텍스트매우매우길고띄어쓰기없는텍스트매우매우길고띄어쓰기없는텍스트매우매우길고띄어쓰기없는텍스트매우매우길고띄어쓰기없는텍스트매우매우길고띄어쓰기없는텍스트매우매우길고띄어쓰기없는텍스트매우매우길고띄어쓰기없는텍스트매우매우길고띄어쓰기없는텍스트매우매우길고띄어쓰기없는텍스트매우매우길고띄어쓰기없는텍스트매우매우길고띄어쓰기없는텍스트매우매우길고띄어쓰기없는텍스트매우매우길고띄어쓰기없는텍스트매우매우길고띄어쓰기없는텍스트매우매우길고띄어쓰기없는텍스트매우매우길고띄어쓰기없는텍스트\n\n그리고 띄어쓰기랑\nline break 있는 텍스트'),
    ('2025-02-22T22:04:44', 'ZEROBASEONE', '2025-02-21', '2025-03-06', '5층 사운즈 포레스트', '짧은 팝업스토어 설명', '매우매우길고띄어쓰기없는텍스트매우매우길고띄어쓰기없는텍스트매우매우길고띄어쓰기없는텍스트매우매우길고띄어쓰기없는텍스트매우매우길고띄어쓰기없는텍스트매우매우길고띄어쓰기없는텍스트매우매우길고띄어쓰기없는텍스트매우매우길고띄어쓰기없는텍스트매우매우길고띄어쓰기없는텍스트매우매우길고띄어쓰기없는텍스트매우매우길고띄어쓰기없는텍스트매우매우길고띄어쓰기없는텍스트매우매우길고띄어쓰기없는텍스트매우매우길고띄어쓰기없는텍스트매우매우길고띄어쓰기없는텍스트매우매우길고띄어쓰기없는텍스트매우매우길고띄어쓰기없는텍스트매우매우길고띄어쓰기없는텍스트매우매우길고띄어쓰기없는텍스트매우매우길고띄어쓰기없는텍스트매우매우길고띄어쓰기없는텍스트매우매우길고띄어쓰기없는텍스트매우매우길고띄어쓰기없는텍스트매우매우길고띄어쓰기없는텍스트매우매우길고띄어쓰기없는텍스트매우매우길고띄어쓰기없는텍스트매우매우길고띄어쓰기없는텍스트매우매우길고띄어쓰기없는텍스트매우매우길고띄어쓰기없는텍스트\n\n그리고 띄어쓰기랑\nline break 있는 텍스트'),
    ('2025-02-22T22:04:44', 'ZEROBASEONE', '2025-02-21', '2025-03-06', '5층 사운즈 포레스트', '짧은 팝업스토어 설명', '매우매우길고띄어쓰기없는텍스트매우매우길고띄어쓰기없는텍스트매우매우길고띄어쓰기없는텍스트매우매우길고띄어쓰기없는텍스트매우매우길고띄어쓰기없는텍스트매우매우길고띄어쓰기없는텍스트매우매우길고띄어쓰기없는텍스트매우매우길고띄어쓰기없는텍스트매우매우길고띄어쓰기없는텍스트매우매우길고띄어쓰기없는텍스트매우매우길고띄어쓰기없는텍스트매우매우길고띄어쓰기없는텍스트매우매우길고띄어쓰기없는텍스트매우매우길고띄어쓰기없는텍스트매우매우길고띄어쓰기없는텍스트매우매우길고띄어쓰기없는텍스트매우매우길고띄어쓰기없는텍스트매우매우길고띄어쓰기없는텍스트매우매우길고띄어쓰기없는텍스트매우매우길고띄어쓰기없는텍스트매우매우길고띄어쓰기없는텍스트매우매우길고띄어쓰기없는텍스트매우매우길고띄어쓰기없는텍스트매우매우길고띄어쓰기없는텍스트매우매우길고띄어쓰기없는텍스트매우매우길고띄어쓰기없는텍스트매우매우길고띄어쓰기없는텍스트매우매우길고띄어쓰기없는텍스트매우매우길고띄어쓰기없는텍스트\n\n그리고 띄어쓰기랑\nline break 있는 텍스트'),
    ('2025-02-22T22:04:44', 'ZEROBASEONE', '2025-02-21', '2025-03-06', '5층 사운즈 포레스트', '짧은 팝업스토어 설명', '매우매우길고띄어쓰기없는텍스트매우매우길고띄어쓰기없는텍스트매우매우길고띄어쓰기없는텍스트매우매우길고띄어쓰기없는텍스트매우매우길고띄어쓰기없는텍스트매우매우길고띄어쓰기없는텍스트매우매우길고띄어쓰기없는텍스트매우매우길고띄어쓰기없는텍스트매우매우길고띄어쓰기없는텍스트매우매우길고띄어쓰기없는텍스트매우매우길고띄어쓰기없는텍스트매우매우길고띄어쓰기없는텍스트매우매우길고띄어쓰기없는텍스트매우매우길고띄어쓰기없는텍스트매우매우길고띄어쓰기없는텍스트매우매우길고띄어쓰기없는텍스트매우매우길고띄어쓰기없는텍스트매우매우길고띄어쓰기없는텍스트매우매우길고띄어쓰기없는텍스트매우매우길고띄어쓰기없는텍스트매우매우길고띄어쓰기없는텍스트매우매우길고띄어쓰기없는텍스트매우매우길고띄어쓰기없는텍스트매우매우길고띄어쓰기없는텍스트매우매우길고띄어쓰기없는텍스트매우매우길고띄어쓰기없는텍스트매우매우길고띄어쓰기없는텍스트매우매우길고띄어쓰기없는텍스트매우매우길고띄어쓰기없는텍스트\n\n그리고 띄어쓰기랑\nline break 있는 텍스트'),
    ('2025-02-22T22:04:44', 'ZEROBASEONE', '2025-02-21', '2025-03-06', '5층 사운즈 포레스트', '짧은 팝업스토어 설명', '매우매우길고띄어쓰기없는텍스트매우매우길고띄어쓰기없는텍스트매우매우길고띄어쓰기없는텍스트매우매우길고띄어쓰기없는텍스트매우매우길고띄어쓰기없는텍스트매우매우길고띄어쓰기없는텍스트매우매우길고띄어쓰기없는텍스트매우매우길고띄어쓰기없는텍스트매우매우길고띄어쓰기없는텍스트매우매우길고띄어쓰기없는텍스트매우매우길고띄어쓰기없는텍스트매우매우길고띄어쓰기없는텍스트매우매우길고띄어쓰기없는텍스트매우매우길고띄어쓰기없는텍스트매우매우길고띄어쓰기없는텍스트매우매우길고띄어쓰기없는텍스트매우매우길고띄어쓰기없는텍스트매우매우길고띄어쓰기없는텍스트매우매우길고띄어쓰기없는텍스트매우매우길고띄어쓰기없는텍스트매우매우길고띄어쓰기없는텍스트매우매우길고띄어쓰기없는텍스트매우매우길고띄어쓰기없는텍스트매우매우길고띄어쓰기없는텍스트매우매우길고띄어쓰기없는텍스트매우매우길고띄어쓰기없는텍스트매우매우길고띄어쓰기없는텍스트매우매우길고띄어쓰기없는텍스트매우매우길고띄어쓰기없는텍스트\n\n그리고 띄어쓰기랑\nline break 있는 텍스트'),
    ('2025-02-22T22:04:44', 'ZEROBASEONE', '2025-02-21', '2025-03-06', '5층 사운즈 포레스트', '짧은 팝업스토어 설명', '매우매우길고띄어쓰기없는텍스트매우매우길고띄어쓰기없는텍스트매우매우길고띄어쓰기없는텍스트매우매우길고띄어쓰기없는텍스트매우매우길고띄어쓰기없는텍스트매우매우길고띄어쓰기없는텍스트매우매우길고띄어쓰기없는텍스트매우매우길고띄어쓰기없는텍스트매우매우길고띄어쓰기없는텍스트매우매우길고띄어쓰기없는텍스트매우매우길고띄어쓰기없는텍스트매우매우길고띄어쓰기없는텍스트매우매우길고띄어쓰기없는텍스트매우매우길고띄어쓰기없는텍스트매우매우길고띄어쓰기없는텍스트매우매우길고띄어쓰기없는텍스트매우매우길고띄어쓰기없는텍스트매우매우길고띄어쓰기없는텍스트매우매우길고띄어쓰기없는텍스트매우매우길고띄어쓰기없는텍스트매우매우길고띄어쓰기없는텍스트매우매우길고띄어쓰기없는텍스트매우매우길고띄어쓰기없는텍스트매우매우길고띄어쓰기없는텍스트매우매우길고띄어쓰기없는텍스트매우매우길고띄어쓰기없는텍스트매우매우길고띄어쓰기없는텍스트매우매우길고띄어쓰기없는텍스트매우매우길고띄어쓰기없는텍스트\n\n그리고 띄어쓰기랑\nline break 있는 텍스트'),
    ('2025-02-22T22:04:44', 'ZEROBASEONE', '2025-02-21', '2025-03-06', '5층 사운즈 포레스트', '짧은 팝업스토어 설명', '매우매우길고띄어쓰기없는텍스트매우매우길고띄어쓰기없는텍스트매우매우길고띄어쓰기없는텍스트매우매우길고띄어쓰기없는텍스트매우매우길고띄어쓰기없는텍스트매우매우길고띄어쓰기없는텍스트매우매우길고띄어쓰기없는텍스트매우매우길고띄어쓰기없는텍스트매우매우길고띄어쓰기없는텍스트매우매우길고띄어쓰기없는텍스트매우매우길고띄어쓰기없는텍스트매우매우길고띄어쓰기없는텍스트매우매우길고띄어쓰기없는텍스트매우매우길고띄어쓰기없는텍스트매우매우길고띄어쓰기없는텍스트매우매우길고띄어쓰기없는텍스트매우매우길고띄어쓰기없는텍스트매우매우길고띄어쓰기없는텍스트매우매우길고띄어쓰기없는텍스트매우매우길고띄어쓰기없는텍스트매우매우길고띄어쓰기없는텍스트매우매우길고띄어쓰기없는텍스트매우매우길고띄어쓰기없는텍스트매우매우길고띄어쓰기없는텍스트매우매우길고띄어쓰기없는텍스트매우매우길고띄어쓰기없는텍스트매우매우길고띄어쓰기없는텍스트매우매우길고띄어쓰기없는텍스트매우매우길고띄어쓰기없는텍스트\n\n그리고 띄어쓰기랑\nline break 있는 텍스트'),
    ('2025-02-22T22:04:44', 'ZEROBASEONE', '2025-02-21', '2025-03-06', '5층 사운즈 포레스트', '짧은 팝업스토어 설명', '매우매우길고띄어쓰기없는텍스트매우매우길고띄어쓰기없는텍스트매우매우길고띄어쓰기없는텍스트매우매우길고띄어쓰기없는텍스트매우매우길고띄어쓰기없는텍스트매우매우길고띄어쓰기없는텍스트매우매우길고띄어쓰기없는텍스트매우매우길고띄어쓰기없는텍스트매우매우길고띄어쓰기없는텍스트매우매우길고띄어쓰기없는텍스트매우매우길고띄어쓰기없는텍스트매우매우길고띄어쓰기없는텍스트매우매우길고띄어쓰기없는텍스트매우매우길고띄어쓰기없는텍스트매우매우길고띄어쓰기없는텍스트매우매우길고띄어쓰기없는텍스트매우매우길고띄어쓰기없는텍스트매우매우길고띄어쓰기없는텍스트매우매우길고띄어쓰기없는텍스트매우매우길고띄어쓰기없는텍스트매우매우길고띄어쓰기없는텍스트매우매우길고띄어쓰기없는텍스트매우매우길고띄어쓰기없는텍스트매우매우길고띄어쓰기없는텍스트매우매우길고띄어쓰기없는텍스트매우매우길고띄어쓰기없는텍스트매우매우길고띄어쓰기없는텍스트매우매우길고띄어쓰기없는텍스트매우매우길고띄어쓰기없는텍스트\n\n그리고 띄어쓰기랑\nline break 있는 텍스트'),

    ('2025-02-22T22:04:44', 'ZEROBASEONE', '2025-02-21', '2025-03-06', '5층 사운즈 포레스트', '짧은 팝업스토어 설명', '매우매우길고띄어쓰기없는텍스트매우매우길고띄어쓰기없는텍스트매우매우길고띄어쓰기없는텍스트매우매우길고띄어쓰기없는텍스트매우매우길고띄어쓰기없는텍스트매우매우길고띄어쓰기없는텍스트매우매우길고띄어쓰기없는텍스트매우매우길고띄어쓰기없는텍스트매우매우길고띄어쓰기없는텍스트매우매우길고띄어쓰기없는텍스트매우매우길고띄어쓰기없는텍스트매우매우길고띄어쓰기없는텍스트매우매우길고띄어쓰기없는텍스트매우매우길고띄어쓰기없는텍스트매우매우길고띄어쓰기없는텍스트매우매우길고띄어쓰기없는텍스트매우매우길고띄어쓰기없는텍스트매우매우길고띄어쓰기없는텍스트매우매우길고띄어쓰기없는텍스트매우매우길고띄어쓰기없는텍스트매우매우길고띄어쓰기없는텍스트매우매우길고띄어쓰기없는텍스트매우매우길고띄어쓰기없는텍스트매우매우길고띄어쓰기없는텍스트매우매우길고띄어쓰기없는텍스트매우매우길고띄어쓰기없는텍스트매우매우길고띄어쓰기없는텍스트매우매우길고띄어쓰기없는텍스트매우매우길고띄어쓰기없는텍스트\n\n그리고 띄어쓰기랑\nline break 있는 텍스트'),
    ('2025-02-22T22:04:44', 'ZEROBASEONE', '2025-02-21', '2025-03-06', '5층 사운즈 포레스트', '짧은 팝업스토어 설명', '매우매우길고띄어쓰기없는텍스트매우매우길고띄어쓰기없는텍스트매우매우길고띄어쓰기없는텍스트매우매우길고띄어쓰기없는텍스트매우매우길고띄어쓰기없는텍스트매우매우길고띄어쓰기없는텍스트매우매우길고띄어쓰기없는텍스트매우매우길고띄어쓰기없는텍스트매우매우길고띄어쓰기없는텍스트매우매우길고띄어쓰기없는텍스트매우매우길고띄어쓰기없는텍스트매우매우길고띄어쓰기없는텍스트매우매우길고띄어쓰기없는텍스트매우매우길고띄어쓰기없는텍스트매우매우길고띄어쓰기없는텍스트매우매우길고띄어쓰기없는텍스트매우매우길고띄어쓰기없는텍스트매우매우길고띄어쓰기없는텍스트매우매우길고띄어쓰기없는텍스트매우매우길고띄어쓰기없는텍스트매우매우길고띄어쓰기없는텍스트매우매우길고띄어쓰기없는텍스트매우매우길고띄어쓰기없는텍스트매우매우길고띄어쓰기없는텍스트매우매우길고띄어쓰기없는텍스트매우매우길고띄어쓰기없는텍스트매우매우길고띄어쓰기없는텍스트매우매우길고띄어쓰기없는텍스트매우매우길고띄어쓰기없는텍스트\n\n그리고 띄어쓰기랑\nline break 있는 텍스트'),
    ('2025-02-22T22:04:44', 'ZEROBASEONE', '2025-02-21', '2025-03-06', '5층 사운즈 포레스트', '짧은 팝업스토어 설명', '매우매우길고띄어쓰기없는텍스트매우매우길고띄어쓰기없는텍스트매우매우길고띄어쓰기없는텍스트매우매우길고띄어쓰기없는텍스트매우매우길고띄어쓰기없는텍스트매우매우길고띄어쓰기없는텍스트매우매우길고띄어쓰기없는텍스트매우매우길고띄어쓰기없는텍스트매우매우길고띄어쓰기없는텍스트매우매우길고띄어쓰기없는텍스트매우매우길고띄어쓰기없는텍스트매우매우길고띄어쓰기없는텍스트매우매우길고띄어쓰기없는텍스트매우매우길고띄어쓰기없는텍스트매우매우길고띄어쓰기없는텍스트매우매우길고띄어쓰기없는텍스트매우매우길고띄어쓰기없는텍스트매우매우길고띄어쓰기없는텍스트매우매우길고띄어쓰기없는텍스트매우매우길고띄어쓰기없는텍스트매우매우길고띄어쓰기없는텍스트매우매우길고띄어쓰기없는텍스트매우매우길고띄어쓰기없는텍스트매우매우길고띄어쓰기없는텍스트매우매우길고띄어쓰기없는텍스트매우매우길고띄어쓰기없는텍스트매우매우길고띄어쓰기없는텍스트매우매우길고띄어쓰기없는텍스트매우매우길고띄어쓰기없는텍스트\n\n그리고 띄어쓰기랑\nline break 있는 텍스트'),
    ('2025-02-22T22:04:44', 'ZEROBASEONE', '2025-02-21', '2025-03-06', '5층 사운즈 포레스트', '짧은 팝업스토어 설명', '매우매우길고띄어쓰기없는텍스트매우매우길고띄어쓰기없는텍스트매우매우길고띄어쓰기없는텍스트매우매우길고띄어쓰기없는텍스트매우매우길고띄어쓰기없는텍스트매우매우길고띄어쓰기없는텍스트매우매우길고띄어쓰기없는텍스트매우매우길고띄어쓰기없는텍스트매우매우길고띄어쓰기없는텍스트매우매우길고띄어쓰기없는텍스트매우매우길고띄어쓰기없는텍스트매우매우길고띄어쓰기없는텍스트매우매우길고띄어쓰기없는텍스트매우매우길고띄어쓰기없는텍스트매우매우길고띄어쓰기없는텍스트매우매우길고띄어쓰기없는텍스트매우매우길고띄어쓰기없는텍스트매우매우길고띄어쓰기없는텍스트매우매우길고띄어쓰기없는텍스트매우매우길고띄어쓰기없는텍스트매우매우길고띄어쓰기없는텍스트매우매우길고띄어쓰기없는텍스트매우매우길고띄어쓰기없는텍스트매우매우길고띄어쓰기없는텍스트매우매우길고띄어쓰기없는텍스트매우매우길고띄어쓰기없는텍스트매우매우길고띄어쓰기없는텍스트매우매우길고띄어쓰기없는텍스트매우매우길고띄어쓰기없는텍스트\n\n그리고 띄어쓰기랑\nline break 있는 텍스트'),
    ('2025-02-22T22:04:44', 'ZEROBASEONE', '2025-02-21', '2025-03-06', '5층 사운즈 포레스트', '짧은 팝업스토어 설명', '매우매우길고띄어쓰기없는텍스트매우매우길고띄어쓰기없는텍스트매우매우길고띄어쓰기없는텍스트매우매우길고띄어쓰기없는텍스트매우매우길고띄어쓰기없는텍스트매우매우길고띄어쓰기없는텍스트매우매우길고띄어쓰기없는텍스트매우매우길고띄어쓰기없는텍스트매우매우길고띄어쓰기없는텍스트매우매우길고띄어쓰기없는텍스트매우매우길고띄어쓰기없는텍스트매우매우길고띄어쓰기없는텍스트매우매우길고띄어쓰기없는텍스트매우매우길고띄어쓰기없는텍스트매우매우길고띄어쓰기없는텍스트매우매우길고띄어쓰기없는텍스트매우매우길고띄어쓰기없는텍스트매우매우길고띄어쓰기없는텍스트매우매우길고띄어쓰기없는텍스트매우매우길고띄어쓰기없는텍스트매우매우길고띄어쓰기없는텍스트매우매우길고띄어쓰기없는텍스트매우매우길고띄어쓰기없는텍스트매우매우길고띄어쓰기없는텍스트매우매우길고띄어쓰기없는텍스트매우매우길고띄어쓰기없는텍스트매우매우길고띄어쓰기없는텍스트매우매우길고띄어쓰기없는텍스트매우매우길고띄어쓰기없는텍스트\n\n그리고 띄어쓰기랑\nline break 있는 텍스트')
;


-- 팝업스토어 카테고리 테이블
-- 가독성을 위해 일부러 category_id도 적어놓음
INSERT INTO category(category_id, category_name, category_desc)
VALUES
    (1, '아티스트', '아티스트 콜라보레이션'),
    (2, '패션', '패션 브랜드 행사'),
    (3, '뷰티', '화장품 브랜드 행사'),
    (4, '캐릭터', '캐릭터/IP 행사'),
    (5, '키덜트', '큐리가 조아하는거'),
    (6, '푸드', '푸드 브랜드 행사'),
    (7, '비건', '감성적인 말이 떠오르지 않는다'),
    (8, '브랜드', '브랜드 행사'),
    (9, '기타', '')
;


-- 팝업스토어 - 카테고리 중계 테이블
INSERT INTO store_category(store_store_id, category_category_id)
VALUES
    (1, 1),
    (1, 8),
    (2, 3),
    (2, 7),
    (2, 8),
    (3, 9),
    (4, 9),
    (5, 9),
    (6, 9),
    (7, 9),
    (8, 9),
    (9, 9),
    (10, 9),
    (11, 9),
    (12, 9),
    (13, 9),
    (14, 9)
;


-- 팝업스토어 이미지 테이블
INSERT INTO store_image(store_store_id, store_image_tag, store_image_link)
VALUES
    (1, 'MAIN_THUMBNAIL', 'https://imgprism.ehyundai.com/evntCrdInf/imgPath2/202502/18/75b6af99-a686-4efe-b193-177fd8c122ad.jpg'),
    (1, 'INFO', 'https://imgprism.ehyundai.com/evntCrdInf/imgPath/202502/18/52027cc3-4ac0-4de9-8f4b-954a0178e6f8.jpg'),
    (2, 'MAIN_THUMBNAIL', 'https://imgprism.ehyundai.com/evntCrdInf/imgPath2/202502/15/19b6074d-de80-48c3-a16b-f26f60eebc95.jpg'),
    (2, 'INFO', 'https://imgprism.ehyundai.com/evntCrdInf/imgPath/202502/15/752e1b82-e164-4d35-8d24-263cd9c373f9.jpg'),
    (2, 'INFO', 'https://imgprism.ehyundai.com/evntCrdInf/imgPath/202502/15/752e1b82-e164-4d35-8d24-263cd9c373f9.jpg'),
    (2, 'INFO', 'https://imgprism.ehyundai.com/evntCrdInf/imgPath/202502/15/752e1b82-e164-4d35-8d24-263cd9c373f9.jpg'),

    (3, 'MAIN_THUMBNAIL', 'https://imgprism.ehyundai.com/evntCrdInf/imgPath2/202502/15/19b6074d-de80-48c3-a16b-f26f60eebc95.jpg'),
    (3, 'INFO', 'https://imgprism.ehyundai.com/evntCrdInf/imgPath/202502/15/752e1b82-e164-4d35-8d24-263cd9c373f9.jpg'),
    (4, 'MAIN_THUMBNAIL', 'https://imgprism.ehyundai.com/evntCrdInf/imgPath2/202502/15/19b6074d-de80-48c3-a16b-f26f60eebc95.jpg'),
    (4, 'INFO', 'https://imgprism.ehyundai.com/evntCrdInf/imgPath/202502/15/752e1b82-e164-4d35-8d24-263cd9c373f9.jpg'),
    (5, 'MAIN_THUMBNAIL', 'https://imgprism.ehyundai.com/evntCrdInf/imgPath2/202502/15/19b6074d-de80-48c3-a16b-f26f60eebc95.jpg'),
    (5, 'INFO', 'https://imgprism.ehyundai.com/evntCrdInf/imgPath/202502/15/752e1b82-e164-4d35-8d24-263cd9c373f9.jpg'),
    (6, 'MAIN_THUMBNAIL', 'https://imgprism.ehyundai.com/evntCrdInf/imgPath2/202502/15/19b6074d-de80-48c3-a16b-f26f60eebc95.jpg'),
    (6, 'INFO', 'https://imgprism.ehyundai.com/evntCrdInf/imgPath/202502/15/752e1b82-e164-4d35-8d24-263cd9c373f9.jpg'),
    (7, 'MAIN_THUMBNAIL', 'https://imgprism.ehyundai.com/evntCrdInf/imgPath2/202502/15/19b6074d-de80-48c3-a16b-f26f60eebc95.jpg'),
    (7, 'INFO', 'https://imgprism.ehyundai.com/evntCrdInf/imgPath/202502/15/752e1b82-e164-4d35-8d24-263cd9c373f9.jpg'),
    (8, 'MAIN_THUMBNAIL', 'https://imgprism.ehyundai.com/evntCrdInf/imgPath2/202502/15/19b6074d-de80-48c3-a16b-f26f60eebc95.jpg'),
    (8, 'INFO', 'https://imgprism.ehyundai.com/evntCrdInf/imgPath/202502/15/752e1b82-e164-4d35-8d24-263cd9c373f9.jpg'),
    (9, 'MAIN_THUMBNAIL', 'https://imgprism.ehyundai.com/evntCrdInf/imgPath2/202502/15/19b6074d-de80-48c3-a16b-f26f60eebc95.jpg'),
    (9, 'INFO', 'https://imgprism.ehyundai.com/evntCrdInf/imgPath/202502/15/752e1b82-e164-4d35-8d24-263cd9c373f9.jpg'),
    (10, 'MAIN_THUMBNAIL', 'https://imgprism.ehyundai.com/evntCrdInf/imgPath2/202502/15/19b6074d-de80-48c3-a16b-f26f60eebc95.jpg'),
    (10, 'INFO', 'https://imgprism.ehyundai.com/evntCrdInf/imgPath/202502/15/752e1b82-e164-4d35-8d24-263cd9c373f9.jpg'),
    (11, 'MAIN_THUMBNAIL', 'https://imgprism.ehyundai.com/evntCrdInf/imgPath2/202502/15/19b6074d-de80-48c3-a16b-f26f60eebc95.jpg'),
    (11, 'INFO', 'https://imgprism.ehyundai.com/evntCrdInf/imgPath/202502/15/752e1b82-e164-4d35-8d24-263cd9c373f9.jpg'),
    (12, 'MAIN_THUMBNAIL', 'https://imgprism.ehyundai.com/evntCrdInf/imgPath2/202502/15/19b6074d-de80-48c3-a16b-f26f60eebc95.jpg'),
    (12, 'INFO', 'https://imgprism.ehyundai.com/evntCrdInf/imgPath/202502/15/752e1b82-e164-4d35-8d24-263cd9c373f9.jpg'),
    (13, 'MAIN_THUMBNAIL', 'https://imgprism.ehyundai.com/evntCrdInf/imgPath2/202502/15/19b6074d-de80-48c3-a16b-f26f60eebc95.jpg'),
    (13, 'INFO', 'https://imgprism.ehyundai.com/evntCrdInf/imgPath/202502/15/752e1b82-e164-4d35-8d24-263cd9c373f9.jpg'),
    (14, 'MAIN_THUMBNAIL', 'https://imgprism.ehyundai.com/evntCrdInf/imgPath2/202502/15/19b6074d-de80-48c3-a16b-f26f60eebc95.jpg'),
    (14, 'INFO', 'https://imgprism.ehyundai.com/evntCrdInf/imgPath/202502/15/752e1b82-e164-4d35-8d24-263cd9c373f9.jpg')
;


-- 팝업스토어 공지사항 테이블
INSERT INTO store_announcement(store_store_id, title, content, created_at, last_modified_at)
VALUES
    (1, '첫 번째 공지사항이애오', '다 읽으셨죠?\n그럼 안녕히계새오', '2025-02-22T22:04:44', '2025-02-22T22:04:44'),
    (1, '두 번째 공지사항이애오', '다 읽으셨죠?\n그럼 안녕히계새오', '2025-02-22T22:04:44', '2025-02-22T22:04:44'),
    (2, '첫 번째 공지사항이애오', '다 읽으셨죠?\n그럼 안녕히계새오', '2025-02-22T22:04:44', '2025-02-22T22:04:44')
;