-- 팝업스토어 테이블
-- FK 관계상 회원 테이블보다 먼저 실행되어야 함.
INSERT INTO store(store_reserve_method, store_reserve_gap, store_capacity, store_branch, created_at, store_name, store_start_date, store_end_date, store_start_time, store_end_time, store_at, store_short_desc, store_long_desc)
VALUES
    ('V2', 30, 20, '신세계백화점 강남점', '2025-02-22T22:04:44', 'ZEROBASEONE', '2025-02-21', '2025-03-06', '10:00','17:30', '5층 사운즈 포레스트', 'ZEROBASEONE\nThe 5th Mini Album ‘BLUE PARADISE’\n발매 기념 POP-UP STORE를 진행합니다.', '매우매우길고띄어쓰기없는텍스트매우매우길고띄어쓰기없는텍스트매우매우길고띄어쓰기없는텍스트매우매우길고띄어쓰기없는텍스트매우매우길고띄어쓰기없는텍스트매우매우길고띄어쓰기없는텍스트매우매우길고띄어쓰기없는텍스트매우매우길고띄어쓰기없는텍스트매우매우길고띄어쓰기없는텍스트매우매우길고띄어쓰기없는텍스트매우매우길고띄어쓰기없는텍스트매우매우길고띄어쓰기없는텍스트매우매우길고띄어쓰기없는텍스트매우매우길고띄어쓰기없는텍스트매우매우길고띄어쓰기없는텍스트매우매우길고띄어쓰기없는텍스트매우매우길고띄어쓰기없는텍스트매우매우길고띄어쓰기없는텍스트매우매우길고띄어쓰기없는텍스트매우매우길고띄어쓰기없는텍스트매우매우길고띄어쓰기없는텍스트매우매우길고띄어쓰기없는텍스트매우매우길고띄어쓰기없는텍스트매우매우길고띄어쓰기없는텍스트매우매우길고띄어쓰기없는텍스트매우매우길고띄어쓰기없는텍스트매우매우길고띄어쓰기없는텍스트매우매우길고띄어쓰기없는텍스트매우매우길고띄어쓰기없는텍스트\n\n그리고 띄어쓰기랑\nline break 있는 텍스트'),
    ('V1', 60, 30, '신세계백화점 강남점', '2025-02-22T22:04:44', '체이싱래빗 in 신세계백화점 강남', '2025-03-20', '2025-03-26', '10:00','18:00', '지하2층 POP-UP@EAST', '컬러풀 비건 뷰티 \"체이싱래빗\"의\n두 번째 팝업 in 신세계백화점 강남', '매우매우길고띄어쓰기없는텍스트매우매우길고띄어쓰기없는텍스트매우매우길고띄어쓰기없는텍스트매우매우길고띄어쓰기없는텍스트매우매우길고띄어쓰기없는텍스트매우매우길고띄어쓰기없는텍스트매우매우길고띄어쓰기없는텍스트매우매우길고띄어쓰기없는텍스트매우매우길고띄어쓰기없는텍스트매우매우길고띄어쓰기없는텍스트매우매우길고띄어쓰기없는텍스트매우매우길고띄어쓰기없는텍스트매우매우길고띄어쓰기없는텍스트매우매우길고띄어쓰기없는텍스트매우매우길고띄어쓰기없는텍스트매우매우길고띄어쓰기없는텍스트매우매우길고띄어쓰기없는텍스트매우매우길고띄어쓰기없는텍스트매우매우길고띄어쓰기없는텍스트매우매우길고띄어쓰기없는텍스트매우매우길고띄어쓰기없는텍스트매우매우길고띄어쓰기없는텍스트매우매우길고띄어쓰기없는텍스트매우매우길고띄어쓰기없는텍스트매우매우길고띄어쓰기없는텍스트매우매우길고띄어쓰기없는텍스트매우매우길고띄어쓰기없는텍스트매우매우길고띄어쓰기없는텍스트매우매우길고띄어쓰기없는텍스트\n\n그리고 띄어쓰기랑\nline break 있는 텍스트'),
    ('V1', 30, 10, '신세계백화점 강남점', '2025-02-22T22:04:44', '<인상파, 모네에서 미국으로: 빛, 바다를 건너다> 전시', '2025-03-15', '2025-03-26', '10:30','20:00', '5층 사운즈 포레스트', '한국경제신문이 주최하는 특별전 <인상파, 모네에서 미국으로: 빛, 바다를 건너다>가 2025년 3월 15일부터 3월 26일까지 신세계백화점에서 개최됩니다.', '한국경제신문이 주최하는 특별전 <인상파, 모네에서 미국으로: 빛, 바다를 건너다>가 2025년 2월 15일부터 5월 26일까지 더현대 ALT.1 에서 개최됩니다.\n\n\n\n이번 전시는 국내 최초로 공개되는 미국 우스터미술관의 엄선된 인상파 유화 원화 53점을 통해, 프랑스에서 시작된 인상주의가 유럽과 미국으로 확산되며 미술사에 끼친 영향을 탐구합니다.\n\n인상주의의 세계적인 진화와 매력을 깊이 있게 조명하는 이 특별한 전시를 놓치지 마세요.\n\n\n\n[안내 및 주의사항]\n\n■얼리버드 티켓 판매 기간: 1월 15일(수) 10:00 - \n월 6일(목) 23:59\n-얼리버드 티켓은 선착순 한정 판매로 진행되며, 상황에 따라 조기 매진될 수 있습니다.\n\n■얼리버드 티켓 사용 기간: 2월 15일(토) ~ 4월 14일(월)\n-얼리버드 티켓 사용 기간 이후 취소 및 환불 불가\n\n*관람객이 많을 경우 대기 번호표를 시행합니다.\n*대기 번호표 운영 시 예매하신 경우에도 대기 번호를 받으셔야 입장 가능합니다.\n*대기 시간이 길어질 경우 매표 및 입장이 조기 종료될 수 있습니다.'),
    ('V1', 30, 10, '신세계백화점 강남점', '2025-02-22T22:04:44', '미피 70주년 생일 기념전 <미피와 마법우체통>', '2025-03-21', '2025-04-17', '10:00','20:00', '센트럴뮤지엄', '미피와 함께 탐험하는 거대한 마법 우체통!\n단순하지만 커다란 귀여움으로 오랜 세월 사랑받아 온 미피의 70번째 생일.', '🐰미피 70주년 생일 기념전 : 미피와 마법우체통📫\n\n\n\n미피와 함께 탐험하는 거대한 마법 우체통!\n\n단순하지만 커다란 귀여움으로 오랜 세월 사랑받아 온 미피의 70번째 생일.\n\n\n\n🎁얼리버드 이벤트\n\n지금 큐피커에서 얼리버드 예매하면 귀여운 미피 굿즈 이벤트에 자동 응모!\n\n*한정판 포토카드 70명, 미피 텀블러, 미피 가습기\n\n\n\n🐰미피와 마법우체통 관람 포인트\n\n\n\nPOINT 1. 미피 70주년 생일 기념전\n\n''미피 70주년 생일 기념전 : 미피와 마법 우체통''에서는 미피와 함께 뽀삐 아줌마, 보리스, 바바라, 그런티 등 다양한 캐릭터와의 추억을 되돌아보는 특별한 순간을 녹여냈어요. 미피와 친구들의 애정 어린 공간을 만나보며 미피의 생일을 축하하고 또 다른 추억을 만들어보세요!\n\n\n\nPOINT 2. 아시아 최대 규모 미디어 전시\n\n500여 평 규모를 자랑하는 아시아 최대 규모 미피 전시!\n\n그동안 쉽게 볼 수 없었던 미피 원화와 다양한 빈티지 전시품들은 물론, 공간을 다채롭게 채우는 귀여운 미디어와 스토리가 살아있는 미디어 체험까지 만나볼 수 있어요. 스토리를 따라 거대한 마법 우체통 안을 거닐다 보면, 미피가 흘리고 간 소중한 축하 편지들도 수집할 수 있답니다.\n\n\nPOINT 3. 더치 디자이너, ''미피 할아버지'' 딕 브루너\n\n네덜란드 국민 작가이자 대표적인 더치 디자이너, 그리고 미피를 그린 아티스트 딕 브루너의 작품 세계와 미피의 탄생 배경을 알아보고 다른 전시에서 볼 수 없었던 원화를 통해 그의 작업에서 가장 중요했던, 아이들을 향한 애정과 ''단순함의 힘''을 느껴보세요.'),
    ('V1', 30, 10, '신세계백화점 강남점', '2025-02-22T22:04:44', '스미코구라시 팝업스토어 <스미코구라시의 행복한 타피오카 편의점>', '2025-03-31', '2025-04-16', '11:00','22:00', '3층 SSG PLAZA', '국내 최초!\n스미코구라시 팝업스토어가 한국에 찾아 옵니다! 🎊🎊', '국내 최초!\n스미코구라시 팝업스토어가 한국에 찾아 옵니다! 🎊🎊\n\n\n\n<스미코구라시의 행복한 타피오카 편의점>에서는 귀여운 스미코 굿즈가 다양하게 준비될 예정이오니 많은 기대 부탁드립니다!\n\n그럼! 모두들 입덕할 준비~💗\n\n\n\n-기간 : 2025.03.31~2025.04.16\n-장소 : 신세계백화점 강남점 3층 SSG PLAZA'),
    ('V1', 30, 10, '신세계백화점 강남점', '2025-02-22T22:04:44', '클레어스 서울 오프라인 팝업스토어', '2025-03-10', '2025-03-24', '12:00','21:00', '4층 클레어스 매장', '디어, 클레어스의 신제품 ‘메이플 에너지 라인 2종’으로 채워진 팝업 공간부터 가을의 맛과 향을 담은 티코스까지. 단풍 에너지를 듬뿍 받아 건조한 환절기에 생기를 더하세요❤️', '[클레어스 서울 오프라인 팝업 공지]\n\n가로수길에서 만날 수 있는 핑크빛 에너지, 클레어스 서울에 여러분들을 초대합니다.\n\n.\n.\n.\n\n“환절기로 인해 피부가 예민해지고 민감해지지 않으셨나요?”\n\n\n클레어스 서울에서 피부 속 깊이 채워지는 메이플 에너지를 통해 생기 있는 glow skin을 만나보실 수 있습니다.\n\n디어, 클레어스의 신제품 ‘메이플 에너지 라인 2종’으로 채워진 팝업 공간부터 가을의 맛과 향을 담은 티코스까지.\n\n단풍 에너지를 듬뿍 받아 건조한 환절기에 생기를 더하세요❤️\n\n\n\n🍁 방문지 : 서울 강남구 논현로153길 44 클레어스서울\n\n(3호선/신분당선 신사역 도보 7분)\n\n🍁 방문 가능 기간: 2024년 10월 ~ 별도 공지 시까지\n\n🍁 방문 가능 시간: 12:30 ~ 21:00'),
    ('V1', 30, 10, '신세계백화점 강남점', '2025-02-22T22:04:44', '체이싱래빗', '2025-02-21', '2025-03-06', '10:00','18:00', '5층 사운즈 포레스트', '짧은 팝업스토어 설명', '매우매우길고띄어쓰기없는텍스트매우매우길고띄어쓰기없는텍스트매우매우길고띄어쓰기없는텍스트매우매우길고띄어쓰기없는텍스트매우매우길고띄어쓰기없는텍스트매우매우길고띄어쓰기없는텍스트매우매우길고띄어쓰기없는텍스트매우매우길고띄어쓰기없는텍스트매우매우길고띄어쓰기없는텍스트매우매우길고띄어쓰기없는텍스트매우매우길고띄어쓰기없는텍스트매우매우길고띄어쓰기없는텍스트매우매우길고띄어쓰기없는텍스트매우매우길고띄어쓰기없는텍스트매우매우길고띄어쓰기없는텍스트매우매우길고띄어쓰기없는텍스트매우매우길고띄어쓰기없는텍스트매우매우길고띄어쓰기없는텍스트매우매우길고띄어쓰기없는텍스트매우매우길고띄어쓰기없는텍스트매우매우길고띄어쓰기없는텍스트매우매우길고띄어쓰기없는텍스트매우매우길고띄어쓰기없는텍스트매우매우길고띄어쓰기없는텍스트매우매우길고띄어쓰기없는텍스트매우매우길고띄어쓰기없는텍스트매우매우길고띄어쓰기없는텍스트매우매우길고띄어쓰기없는텍스트매우매우길고띄어쓰기없는텍스트\n\n그리고 띄어쓰기랑\nline break 있는 텍스트'),
    ('V1', 30, 10, '신세계백화점 강남점', '2025-02-22T22:04:44', '체이싱래빗', '2025-02-21', '2025-03-06', '10:00','18:00', '5층 사운즈 포레스트', '짧은 팝업스토어 설명', '매우매우길고띄어쓰기없는텍스트매우매우길고띄어쓰기없는텍스트매우매우길고띄어쓰기없는텍스트매우매우길고띄어쓰기없는텍스트매우매우길고띄어쓰기없는텍스트매우매우길고띄어쓰기없는텍스트매우매우길고띄어쓰기없는텍스트매우매우길고띄어쓰기없는텍스트매우매우길고띄어쓰기없는텍스트매우매우길고띄어쓰기없는텍스트매우매우길고띄어쓰기없는텍스트매우매우길고띄어쓰기없는텍스트매우매우길고띄어쓰기없는텍스트매우매우길고띄어쓰기없는텍스트매우매우길고띄어쓰기없는텍스트매우매우길고띄어쓰기없는텍스트매우매우길고띄어쓰기없는텍스트매우매우길고띄어쓰기없는텍스트매우매우길고띄어쓰기없는텍스트매우매우길고띄어쓰기없는텍스트매우매우길고띄어쓰기없는텍스트매우매우길고띄어쓰기없는텍스트매우매우길고띄어쓰기없는텍스트매우매우길고띄어쓰기없는텍스트매우매우길고띄어쓰기없는텍스트매우매우길고띄어쓰기없는텍스트매우매우길고띄어쓰기없는텍스트매우매우길고띄어쓰기없는텍스트매우매우길고띄어쓰기없는텍스트\n\n그리고 띄어쓰기랑\nline break 있는 텍스트'),
    ('V1', 30, 10, '신세계백화점 강남점', '2025-02-22T22:04:44', '체이싱래빗', '2025-02-21', '2025-03-06', '10:00','18:00', '5층 사운즈 포레스트', '짧은 팝업스토어 설명', '매우매우길고띄어쓰기없는텍스트매우매우길고띄어쓰기없는텍스트매우매우길고띄어쓰기없는텍스트매우매우길고띄어쓰기없는텍스트매우매우길고띄어쓰기없는텍스트매우매우길고띄어쓰기없는텍스트매우매우길고띄어쓰기없는텍스트매우매우길고띄어쓰기없는텍스트매우매우길고띄어쓰기없는텍스트매우매우길고띄어쓰기없는텍스트매우매우길고띄어쓰기없는텍스트매우매우길고띄어쓰기없는텍스트매우매우길고띄어쓰기없는텍스트매우매우길고띄어쓰기없는텍스트매우매우길고띄어쓰기없는텍스트매우매우길고띄어쓰기없는텍스트매우매우길고띄어쓰기없는텍스트매우매우길고띄어쓰기없는텍스트매우매우길고띄어쓰기없는텍스트매우매우길고띄어쓰기없는텍스트매우매우길고띄어쓰기없는텍스트매우매우길고띄어쓰기없는텍스트매우매우길고띄어쓰기없는텍스트매우매우길고띄어쓰기없는텍스트매우매우길고띄어쓰기없는텍스트매우매우길고띄어쓰기없는텍스트매우매우길고띄어쓰기없는텍스트매우매우길고띄어쓰기없는텍스트매우매우길고띄어쓰기없는텍스트\n\n그리고 띄어쓰기랑\nline break 있는 텍스트'),

    ('V1', 30, 10, '신세계백화점 강남점', '2025-02-22T22:04:44', 'ZEROBASEONE', '2025-02-21', '2025-03-06', '10:00','18:00', '5층 사운즈 포레스트', '짧은 팝업스토어 설명', '매우매우길고띄어쓰기없는텍스트매우매우길고띄어쓰기없는텍스트매우매우길고띄어쓰기없는텍스트매우매우길고띄어쓰기없는텍스트매우매우길고띄어쓰기없는텍스트매우매우길고띄어쓰기없는텍스트매우매우길고띄어쓰기없는텍스트매우매우길고띄어쓰기없는텍스트매우매우길고띄어쓰기없는텍스트매우매우길고띄어쓰기없는텍스트매우매우길고띄어쓰기없는텍스트매우매우길고띄어쓰기없는텍스트매우매우길고띄어쓰기없는텍스트매우매우길고띄어쓰기없는텍스트매우매우길고띄어쓰기없는텍스트매우매우길고띄어쓰기없는텍스트매우매우길고띄어쓰기없는텍스트매우매우길고띄어쓰기없는텍스트매우매우길고띄어쓰기없는텍스트매우매우길고띄어쓰기없는텍스트매우매우길고띄어쓰기없는텍스트매우매우길고띄어쓰기없는텍스트매우매우길고띄어쓰기없는텍스트매우매우길고띄어쓰기없는텍스트매우매우길고띄어쓰기없는텍스트매우매우길고띄어쓰기없는텍스트매우매우길고띄어쓰기없는텍스트매우매우길고띄어쓰기없는텍스트매우매우길고띄어쓰기없는텍스트\n\n그리고 띄어쓰기랑\nline break 있는 텍스트'),
    ('V1', 30, 10, '신세계백화점 강남점', '2025-02-22T22:04:44', 'ZEROBASEONE', '2025-02-21', '2025-03-06', '10:00','18:00', '5층 사운즈 포레스트', '짧은 팝업스토어 설명', '매우매우길고띄어쓰기없는텍스트매우매우길고띄어쓰기없는텍스트매우매우길고띄어쓰기없는텍스트매우매우길고띄어쓰기없는텍스트매우매우길고띄어쓰기없는텍스트매우매우길고띄어쓰기없는텍스트매우매우길고띄어쓰기없는텍스트매우매우길고띄어쓰기없는텍스트매우매우길고띄어쓰기없는텍스트매우매우길고띄어쓰기없는텍스트매우매우길고띄어쓰기없는텍스트매우매우길고띄어쓰기없는텍스트매우매우길고띄어쓰기없는텍스트매우매우길고띄어쓰기없는텍스트매우매우길고띄어쓰기없는텍스트매우매우길고띄어쓰기없는텍스트매우매우길고띄어쓰기없는텍스트매우매우길고띄어쓰기없는텍스트매우매우길고띄어쓰기없는텍스트매우매우길고띄어쓰기없는텍스트매우매우길고띄어쓰기없는텍스트매우매우길고띄어쓰기없는텍스트매우매우길고띄어쓰기없는텍스트매우매우길고띄어쓰기없는텍스트매우매우길고띄어쓰기없는텍스트매우매우길고띄어쓰기없는텍스트매우매우길고띄어쓰기없는텍스트매우매우길고띄어쓰기없는텍스트매우매우길고띄어쓰기없는텍스트\n\n그리고 띄어쓰기랑\nline break 있는 텍스트'),
    ('V1', 30, 10, '신세계백화점 강남점', '2025-02-22T22:04:44', 'ZEROBASEONE', '2025-02-21', '2025-03-06', '10:00','18:00', '5층 사운즈 포레스트', '짧은 팝업스토어 설명', '매우매우길고띄어쓰기없는텍스트매우매우길고띄어쓰기없는텍스트매우매우길고띄어쓰기없는텍스트매우매우길고띄어쓰기없는텍스트매우매우길고띄어쓰기없는텍스트매우매우길고띄어쓰기없는텍스트매우매우길고띄어쓰기없는텍스트매우매우길고띄어쓰기없는텍스트매우매우길고띄어쓰기없는텍스트매우매우길고띄어쓰기없는텍스트매우매우길고띄어쓰기없는텍스트매우매우길고띄어쓰기없는텍스트매우매우길고띄어쓰기없는텍스트매우매우길고띄어쓰기없는텍스트매우매우길고띄어쓰기없는텍스트매우매우길고띄어쓰기없는텍스트매우매우길고띄어쓰기없는텍스트매우매우길고띄어쓰기없는텍스트매우매우길고띄어쓰기없는텍스트매우매우길고띄어쓰기없는텍스트매우매우길고띄어쓰기없는텍스트매우매우길고띄어쓰기없는텍스트매우매우길고띄어쓰기없는텍스트매우매우길고띄어쓰기없는텍스트매우매우길고띄어쓰기없는텍스트매우매우길고띄어쓰기없는텍스트매우매우길고띄어쓰기없는텍스트매우매우길고띄어쓰기없는텍스트매우매우길고띄어쓰기없는텍스트\n\n그리고 띄어쓰기랑\nline break 있는 텍스트'),
    ('V1', 30, 10, '신세계백화점 강남점', '2025-02-22T22:04:44', 'ZEROBASEONE', '2025-02-21', '2025-03-06', '10:00','18:00', '5층 사운즈 포레스트', '짧은 팝업스토어 설명', '매우매우길고띄어쓰기없는텍스트매우매우길고띄어쓰기없는텍스트매우매우길고띄어쓰기없는텍스트매우매우길고띄어쓰기없는텍스트매우매우길고띄어쓰기없는텍스트매우매우길고띄어쓰기없는텍스트매우매우길고띄어쓰기없는텍스트매우매우길고띄어쓰기없는텍스트매우매우길고띄어쓰기없는텍스트매우매우길고띄어쓰기없는텍스트매우매우길고띄어쓰기없는텍스트매우매우길고띄어쓰기없는텍스트매우매우길고띄어쓰기없는텍스트매우매우길고띄어쓰기없는텍스트매우매우길고띄어쓰기없는텍스트매우매우길고띄어쓰기없는텍스트매우매우길고띄어쓰기없는텍스트매우매우길고띄어쓰기없는텍스트매우매우길고띄어쓰기없는텍스트매우매우길고띄어쓰기없는텍스트매우매우길고띄어쓰기없는텍스트매우매우길고띄어쓰기없는텍스트매우매우길고띄어쓰기없는텍스트매우매우길고띄어쓰기없는텍스트매우매우길고띄어쓰기없는텍스트매우매우길고띄어쓰기없는텍스트매우매우길고띄어쓰기없는텍스트매우매우길고띄어쓰기없는텍스트매우매우길고띄어쓰기없는텍스트\n\n그리고 띄어쓰기랑\nline break 있는 텍스트'),
    ('V1', 30, 10, '신세계백화점 강남점', '2025-02-22T22:04:44', 'ZEROBASEONE', '2025-02-21', '2025-03-06', '10:00','18:00', '5층 사운즈 포레스트', '짧은 팝업스토어 설명', '매우매우길고띄어쓰기없는텍스트매우매우길고띄어쓰기없는텍스트매우매우길고띄어쓰기없는텍스트매우매우길고띄어쓰기없는텍스트매우매우길고띄어쓰기없는텍스트매우매우길고띄어쓰기없는텍스트매우매우길고띄어쓰기없는텍스트매우매우길고띄어쓰기없는텍스트매우매우길고띄어쓰기없는텍스트매우매우길고띄어쓰기없는텍스트매우매우길고띄어쓰기없는텍스트매우매우길고띄어쓰기없는텍스트매우매우길고띄어쓰기없는텍스트매우매우길고띄어쓰기없는텍스트매우매우길고띄어쓰기없는텍스트매우매우길고띄어쓰기없는텍스트매우매우길고띄어쓰기없는텍스트매우매우길고띄어쓰기없는텍스트매우매우길고띄어쓰기없는텍스트매우매우길고띄어쓰기없는텍스트매우매우길고띄어쓰기없는텍스트매우매우길고띄어쓰기없는텍스트매우매우길고띄어쓰기없는텍스트매우매우길고띄어쓰기없는텍스트매우매우길고띄어쓰기없는텍스트매우매우길고띄어쓰기없는텍스트매우매우길고띄어쓰기없는텍스트매우매우길고띄어쓰기없는텍스트매우매우길고띄어쓰기없는텍스트\n\n그리고 띄어쓰기랑\nline break 있는 텍스트')
;


-- 회원 테이블
-- member_pw는 Abcd123!을 인코딩한 값임.
INSERT INTO member(store_store_id, member_id, member_pw, member_name, member_phone, member_birth, member_gender, member_role, created_at, last_modified_at)
VALUES
    (null, 'admin', '$2a$10$sz8Mcqadio/vMdOe5CD5UuUWzhHPV7RWzzovhj8vLUN5b3I0NCIfW', '관리자', '01098765432', '1990-05-21', 'MALE', 'ADMIN', '2025-02-22T22:04:44', '2025-02-22T22:04:44'),
    (1, 'manager_001', '$2a$10$sz8Mcqadio/vMdOe5CD5UuUWzhHPV7RWzzovhj8vLUN5b3I0NCIfW', '운영자_001',  null, null, null, 'MANAGER', '2025-02-22T22:04:44', '2025-02-22T22:04:44'),
    (2, 'manager_002', '$2a$10$sz8Mcqadio/vMdOe5CD5UuUWzhHPV7RWzzovhj8vLUN5b3I0NCIfW', '운영자_002',  null, null, null, 'MANAGER', '2025-02-22T22:04:44', '2025-02-22T22:04:44'),
    (3, 'manager_003', '$2a$10$sz8Mcqadio/vMdOe5CD5UuUWzhHPV7RWzzovhj8vLUN5b3I0NCIfW', '운영자_003', null, null, null, 'MANAGER', '2025-02-22T22:04:44', '2025-02-22T22:04:44'),
    (4, 'manager_004', '$2a$10$sz8Mcqadio/vMdOe5CD5UuUWzhHPV7RWzzovhj8vLUN5b3I0NCIfW', '운영자_004', null, null, null, 'MANAGER', '2025-02-22T22:04:44', '2025-02-22T22:04:44'),
    (5, 'manager_005', '$2a$10$sz8Mcqadio/vMdOe5CD5UuUWzhHPV7RWzzovhj8vLUN5b3I0NCIfW', '운영자_005', null, null, null, 'MANAGER', '2025-02-22T22:04:44', '2025-02-22T22:04:44'),
    (null, 'qriositylog@gmail.com', '$2a$10$sz8Mcqadio/vMdOe5CD5UuUWzhHPV7RWzzovhj8vLUN5b3I0NCIfW', '큐리', '01012345678', '1998-07-24', 'FEMALE', 'MEMBER', '2025-02-22T22:04:44', '2025-02-22T22:04:44'),
    (null, 'qriositylog+1@gmail.com', '$2a$10$sz8Mcqadio/vMdOe5CD5UuUWzhHPV7RWzzovhj8vLUN5b3I0NCIfW', '큐리1', '01012345678', '1998-07-24', 'FEMALE', 'MEMBER', '2025-02-22T22:04:44', '2025-02-22T22:04:44'),
    (null, 'qriositylog+2@gmail.com', '$2a$10$sz8Mcqadio/vMdOe5CD5UuUWzhHPV7RWzzovhj8vLUN5b3I0NCIfW', '큐리2', '01012345678', '1998-07-24', 'FEMALE', 'MEMBER', '2025-02-22T22:04:44', '2025-02-22T22:04:44'),
    (null, 'qriositylog+3@gmail.com', '$2a$10$sz8Mcqadio/vMdOe5CD5UuUWzhHPV7RWzzovhj8vLUN5b3I0NCIfW', '큐리3', '01012345678', '1998-07-24', 'FEMALE', 'MEMBER', '2025-02-22T22:04:44', '2025-02-22T22:04:44'),
    (null, 'qriositylog+4@gmail.com', '$2a$10$sz8Mcqadio/vMdOe5CD5UuUWzhHPV7RWzzovhj8vLUN5b3I0NCIfW', '큐리4', '01012345678', '1998-07-24', 'FEMALE', 'MEMBER', '2025-02-22T22:04:44', '2025-02-22T22:04:44'),
    (null, 'qriositylog+5@gmail.com', '$2a$10$sz8Mcqadio/vMdOe5CD5UuUWzhHPV7RWzzovhj8vLUN5b3I0NCIfW', '큐리5', '01012345678', '1998-07-24', 'FEMALE', 'MEMBER', '2025-02-22T22:04:44', '2025-02-22T22:04:44'),
    (null, 'qriositylog+6@gmail.com', '$2a$10$sz8Mcqadio/vMdOe5CD5UuUWzhHPV7RWzzovhj8vLUN5b3I0NCIfW', '큐리6', '01012345678', '1998-07-24', 'FEMALE', 'MEMBER', '2025-02-22T22:04:44', '2025-02-22T22:04:44'),
    (null, 'qriositylog+7@gmail.com', '$2a$10$sz8Mcqadio/vMdOe5CD5UuUWzhHPV7RWzzovhj8vLUN5b3I0NCIfW', '큐리7', '01012345678', '1998-07-24', 'FEMALE', 'MEMBER', '2025-02-22T22:04:44', '2025-02-22T22:04:44'),
    (null, 'qriositylog+8@gmail.com', '$2a$10$sz8Mcqadio/vMdOe5CD5UuUWzhHPV7RWzzovhj8vLUN5b3I0NCIfW', '큐리8', '01012345678', '1998-07-24', 'FEMALE', 'MEMBER', '2025-02-22T22:04:44', '2025-02-22T22:04:44'),
    (null, 'qriositylog+9@gmail.com', '$2a$10$sz8Mcqadio/vMdOe5CD5UuUWzhHPV7RWzzovhj8vLUN5b3I0NCIfW', '큐리9', '01012345678', '1998-07-24', 'FEMALE', 'MEMBER', '2025-02-22T22:04:44', '2025-02-22T22:04:44')
;


-- 팝업스토어 카테고리 테이블
-- 가독성을 위해 일부러 category_id도 적어놓음
INSERT INTO category(category_id, category_name, category_desc)
VALUES
    (1, '아티스트', '아티스트 콜라보레이션'),
    (2, '패션', '패션 브랜드 행사'),
    (3, '뷰티', '화장품 브랜드 행사'),
    (4, '캐릭터', '캐릭터/IP 행사'),
    (5, '키덜트', '큐리가 조아하는거'),
    (6, '푸드', '푸드 브랜드 행사'),
    (7, '비건', '감성적인 말이 떠오르지 않는다'),
    (8, '브랜드', '브랜드 행사'),
    (9, '기타', '')
;


-- 팝업스토어 - 카테고리 중계 테이블
INSERT INTO store_category(store_store_id, category_category_id)
VALUES
    (1, 1),

    (2, 3),
    (2, 7),
    (2, 8),

    (3, 1),
    (3, 9),
    (4, 4),
    (5, 4),
    (5, 5),

    (6, 9),
    (7, 9),
    (8, 9),
    (9, 9),
    (10, 9),
    (11, 9),
    (12, 9),
    (13, 9),
    (14, 9)
;


-- 팝업스토어 이미지 테이블
INSERT INTO store_image(store_store_id, store_image_tag, store_image_link)
VALUES
    (1, 'MAIN_THUMBNAIL', 'https://imgprism.ehyundai.com/evntCrdInf/imgPath2/202502/18/75b6af99-a686-4efe-b193-177fd8c122ad.jpg'),
    (1, 'SUB_THUMBNAIL', 'https://imgprism.ehyundai.com/evntCrdInf/imgPath2/202502/18/75b6af99-a686-4efe-b193-177fd8c122ad.jpg'),
    (1, 'CONTENT_DETAIL', 'https://imgprism.ehyundai.com/evntCrdInf/imgPath/202502/18/52027cc3-4ac0-4de9-8f4b-954a0178e6f8.jpg'),

    (2, 'MAIN_THUMBNAIL', 'https://imgprism.ehyundai.com/evntCrdInf/imgPath2/202502/15/19b6074d-de80-48c3-a16b-f26f60eebc95.jpg'),
    (2, 'SUB_THUMBNAIL', 'https://imgprism.ehyundai.com/evntCrdInf/imgPath2/202502/15/19b6074d-de80-48c3-a16b-f26f60eebc95.jpg'),
    (2, 'CONTENT_DETAIL', 'https://imgprism.ehyundai.com/evntCrdInf/imgPath/202502/15/752e1b82-e164-4d35-8d24-263cd9c373f9.jpg'),
    (2, 'CONTENT_DETAIL', 'https://imgprism.ehyundai.com/evntCrdInf/imgPath/202502/15/752e1b82-e164-4d35-8d24-263cd9c373f9.jpg'),
    (2, 'CONTENT_DETAIL', 'https://imgprism.ehyundai.com/evntCrdInf/imgPath/202502/15/752e1b82-e164-4d35-8d24-263cd9c373f9.jpg'),

    (3, 'MAIN_THUMBNAIL', 'https://d8nffddmkwqeq.cloudfront.net/store/41e90e0e%2C905a%2C4601%2C93e5%2Cbf8b5aa99d7a'),
    (3, 'SUB_THUMBNAIL', 'https://d8nffddmkwqeq.cloudfront.net/store/41e90e0e%2C905a%2C4601%2C93e5%2Cbf8b5aa99d7a'),
    (3, 'CONTENT_DETAIL', 'https://d8nffddmkwqeq.cloudfront.net/store/41e90e0e%2C905a%2C4601%2C93e5%2Cbf8b5aa99d7a'),

    (4, 'MAIN_THUMBNAIL', 'https://d8nffddmkwqeq.cloudfront.net/store/e010297d%2Cf8fb%2C4dfa%2Ca58b%2C9940977a8a22'),
    (4, 'SUB_THUMBNAIL', 'https://d8nffddmkwqeq.cloudfront.net/store/e010297d%2Cf8fb%2C4dfa%2Ca58b%2C9940977a8a22'),
    (4, 'CONTENT_DETAIL', 'https://d8nffddmkwqeq.cloudfront.net/store/e010297d%2Cf8fb%2C4dfa%2Ca58b%2C9940977a8a22'),

    (5, 'MAIN_THUMBNAIL', 'https://d8nffddmkwqeq.cloudfront.net/store/e70ff60a%2Cf631%2C482e%2Cb5bf%2Cfa2e4ac0948d'),
    (5, 'SUB_THUMBNAIL', 'https://d8nffddmkwqeq.cloudfront.net/store/e70ff60a%2Cf631%2C482e%2Cb5bf%2Cfa2e4ac0948d'),
    (5, 'CONTENT_DETAIL', 'https://d8nffddmkwqeq.cloudfront.net/store/e70ff60a%2Cf631%2C482e%2Cb5bf%2Cfa2e4ac0948d'),
    (5, 'CONTENT_DETAIL', 'https://d8nffddmkwqeq.cloudfront.net/store/c00aa809%2C90ea%2C4de2%2C86ad%2C580d276214e0'),
    (5, 'CONTENT_DETAIL', 'https://d8nffddmkwqeq.cloudfront.net/store/e8049e66%2C035d%2C472f%2C92cf%2C2ffa64b19c74'),
    (5, 'CONTENT_DETAIL', 'https://d8nffddmkwqeq.cloudfront.net/store/e59499ff%2C9904%2C48b0%2C998d%2Cdf71aceae43b'),
    (5, 'CONTENT_DETAIL', 'https://d8nffddmkwqeq.cloudfront.net/store/e2b8e6d4%2C3f5e%2C4c3b%2Cbfa0%2C2e1faa600bc7'),

    (6, 'MAIN_THUMBNAIL', 'https://d8nffddmkwqeq.cloudfront.net/store/b37e58e0%2Cc268%2C4e9e%2Cbf9d%2Ca17e97ef9ee8'),
    (6, 'SUB_THUMBNAIL', 'https://d8nffddmkwqeq.cloudfront.net/store/b37e58e0%2Cc268%2C4e9e%2Cbf9d%2Ca17e97ef9ee8'),
    (6, 'CONTENT_DETAIL', 'https://d8nffddmkwqeq.cloudfront.net/store/b37e58e0%2Cc268%2C4e9e%2Cbf9d%2Ca17e97ef9ee8'),
    (6, 'CONTENT_DETAIL', 'https://d8nffddmkwqeq.cloudfront.net/store/3cf64291%2Cd9fd%2C4d02%2C9822%2Ceb68e05161c1'),
    (6, 'CONTENT_DETAIL', 'https://d8nffddmkwqeq.cloudfront.net/store/3cf64291%2Cd9fd%2C4d02%2C9822%2Ceb68e05161c1'),

    (7, 'MAIN_THUMBNAIL', 'https://imgprism.ehyundai.com/evntCrdInf/imgPath2/202502/15/19b6074d-de80-48c3-a16b-f26f60eebc95.jpg'),
    (7, 'SUB_THUMBNAIL', 'https://imgprism.ehyundai.com/evntCrdInf/imgPath2/202502/15/19b6074d-de80-48c3-a16b-f26f60eebc95.jpg'),
    (7, 'CONTENT_DETAIL', 'https://imgprism.ehyundai.com/evntCrdInf/imgPath/202502/15/752e1b82-e164-4d35-8d24-263cd9c373f9.jpg'),

    (8, 'MAIN_THUMBNAIL', 'https://imgprism.ehyundai.com/evntCrdInf/imgPath2/202502/15/19b6074d-de80-48c3-a16b-f26f60eebc95.jpg'),
    (8, 'SUB_THUMBNAIL', 'https://imgprism.ehyundai.com/evntCrdInf/imgPath2/202502/15/19b6074d-de80-48c3-a16b-f26f60eebc95.jpg'),
    (8, 'CONTENT_DETAIL', 'https://imgprism.ehyundai.com/evntCrdInf/imgPath/202502/15/752e1b82-e164-4d35-8d24-263cd9c373f9.jpg'),

    (9, 'MAIN_THUMBNAIL', 'https://imgprism.ehyundai.com/evntCrdInf/imgPath2/202502/15/19b6074d-de80-48c3-a16b-f26f60eebc95.jpg'),
    (9, 'SUB_THUMBNAIL', 'https://imgprism.ehyundai.com/evntCrdInf/imgPath2/202502/15/19b6074d-de80-48c3-a16b-f26f60eebc95.jpg'),
    (9, 'CONTENT_DETAIL', 'https://imgprism.ehyundai.com/evntCrdInf/imgPath/202502/15/752e1b82-e164-4d35-8d24-263cd9c373f9.jpg'),

    (10, 'MAIN_THUMBNAIL', 'https://imgprism.ehyundai.com/evntCrdInf/imgPath2/202502/15/19b6074d-de80-48c3-a16b-f26f60eebc95.jpg'),
    (10, 'SUB_THUMBNAIL', 'https://imgprism.ehyundai.com/evntCrdInf/imgPath2/202502/15/19b6074d-de80-48c3-a16b-f26f60eebc95.jpg'),
    (10, 'CONTENT_DETAIL', 'https://imgprism.ehyundai.com/evntCrdInf/imgPath/202502/15/752e1b82-e164-4d35-8d24-263cd9c373f9.jpg'),

    (11, 'MAIN_THUMBNAIL', 'https://imgprism.ehyundai.com/evntCrdInf/imgPath2/202502/15/19b6074d-de80-48c3-a16b-f26f60eebc95.jpg'),
    (11, 'SUB_THUMBNAIL', 'https://imgprism.ehyundai.com/evntCrdInf/imgPath2/202502/15/19b6074d-de80-48c3-a16b-f26f60eebc95.jpg'),
    (11, 'CONTENT_DETAIL', 'https://imgprism.ehyundai.com/evntCrdInf/imgPath/202502/15/752e1b82-e164-4d35-8d24-263cd9c373f9.jpg'),

    (12, 'MAIN_THUMBNAIL', 'https://imgprism.ehyundai.com/evntCrdInf/imgPath2/202502/15/19b6074d-de80-48c3-a16b-f26f60eebc95.jpg'),
    (12, 'SUB_THUMBNAIL', 'https://imgprism.ehyundai.com/evntCrdInf/imgPath2/202502/15/19b6074d-de80-48c3-a16b-f26f60eebc95.jpg'),
    (12, 'CONTENT_DETAIL', 'https://imgprism.ehyundai.com/evntCrdInf/imgPath/202502/15/752e1b82-e164-4d35-8d24-263cd9c373f9.jpg'),

    (13, 'MAIN_THUMBNAIL', 'https://imgprism.ehyundai.com/evntCrdInf/imgPath2/202502/15/19b6074d-de80-48c3-a16b-f26f60eebc95.jpg'),
    (13, 'SUB_THUMBNAIL', 'https://imgprism.ehyundai.com/evntCrdInf/imgPath2/202502/15/19b6074d-de80-48c3-a16b-f26f60eebc95.jpg'),
    (13, 'CONTENT_DETAIL', 'https://imgprism.ehyundai.com/evntCrdInf/imgPath/202502/15/752e1b82-e164-4d35-8d24-263cd9c373f9.jpg'),

    (14, 'MAIN_THUMBNAIL', 'https://imgprism.ehyundai.com/evntCrdInf/imgPath2/202502/15/19b6074d-de80-48c3-a16b-f26f60eebc95.jpg'),
    (14, 'SUB_THUMBNAIL', 'https://imgprism.ehyundai.com/evntCrdInf/imgPath2/202502/15/19b6074d-de80-48c3-a16b-f26f60eebc95.jpg'),
    (14, 'CONTENT_DETAIL', 'https://imgprism.ehyundai.com/evntCrdInf/imgPath/202502/15/752e1b82-e164-4d35-8d24-263cd9c373f9.jpg')
;


-- 팝업스토어 공지사항 테이블
INSERT INTO store_announcement(store_store_id, title, content, created_at, last_modified_at)
VALUES
    (1, '첫 번째 공지사항이애오', '다 읽으셨죠?\n그럼 안녕히계새오', '2025-02-22T22:04:44', '2025-02-22T22:04:44'),
    (1, '두 번째 공지사항이애오', '다 읽으셨죠?\n그럼 안녕히계새오', '2025-02-22T22:04:44', '2025-02-22T22:04:44'),
    (2, '첫 번째 공지사항이애오', '다 읽으셨죠?\n그럼 안녕히계새오', '2025-02-22T22:04:44', '2025-02-22T22:04:44')
;


-- 팝업스토어 예약 엔트리
-- v2 테스트는 10번 엔트리
-- 스트레스 테스트는 11, 12번 엔트리
INSERT INTO reservation_entry(reservation_entry_id, store_store_id, entry_date, entry_time, capacity, entry_status, reserved_count)
VALUES
    (1, 1, '2025-02-24', '12:00:00', 1, 'OPEN', 0),
    (2, 1, '2025-02-25', '14:00:00', 2, 'OPEN', 0),
    (3, 1, '2025-02-25', '14:30:00', 10000, 'OPEN', 0),
    (4, 1, '2025-02-26', '17:00:00', 1000, 'OPEN', 0),
    (5, 1, '2025-02-26', '17:30:00', 1000, 'OPEN', 1),
    (6, 1, '2025-02-25', '23:00:00', 1000, 'CLOSED', 0),
    (7, 2, '2025-03-26', '10:00:00', 1, 'OPEN', 0),
    (8, 3, '2025-03-26', '13:00:00', 1, 'OPEN', 0),
    (9, 4, '2025-03-26', '15:30:00', 1, 'OPEN', 0),
    (10, 1, '2025-02-24', '06:00:00', 10000, 'OPEN', 0),
    (11, 1, '2025-02-24', '06:30:00', 10000, 'OPEN', 0),
    (12, 1, '2025-02-24', '07:00:00', 10000, 'OPEN', 0)
;


-- 팝업스토어 예약 내역
-- v1 테스트용
INSERT INTO reservation(member_member_code, store_store_id, reservation_entry_reservation_entry_id, reserved_date_time, headcount, reservation_status, created_at)
VALUES
    (7, 1, 5, '2025-02-26T17:00:00', 1, 'RESERVE_PENDING', '2025-02-22T22:04:44'),
    (8, 1, 5, '2025-02-26T17:00:00', 1, 'RESERVE_PENDING', '2025-02-22T22:04:44'),
    (9, 1, 5, '2025-02-26T17:00:00', 1, 'RESERVE_PENDING', '2025-02-22T22:04:44'),
    (10, 1, 5, '2025-02-26T17:00:00', 1, 'RESERVE_PENDING', '2025-02-22T22:04:44'),
    (11, 1, 5, '2025-02-26T17:00:00', 1, 'RESERVE_PENDING', '2025-02-22T22:04:44'),
    (12, 1, 5, '2025-02-26T17:00:00', 1, 'RESERVE_PENDING', '2025-02-22T22:04:44'),
    (13, 1, 5, '2025-02-26T17:00:00', 1, 'RESERVE_PENDING', '2025-02-22T22:04:44'),
    (14, 1, 5, '2025-02-26T17:00:00', 1, 'CONFIRMED', '2025-02-22T22:04:44'),
    (15, 1, 5, '2025-02-26T17:00:00', 1, 'CANCEL_PENDING', '2025-02-22T22:04:44'),
    (16, 1, 5, '2025-02-26T17:00:00', 1, 'CANCELED', '2025-02-22T22:04:44'),

    (16, 1, 5, '2025-02-26T17:00:00', 1, 'CANCELED', '2025-02-23T22:04:44')
;


-- 팝업스토어 예약 로그 (예약 내역과 일치해야 함)
INSERT INTO reservation_log(reservation_reservation_id, reserve_method, reservation_status, reservation_status_timestamp)
VALUES
    (1, 'V1', 'RESERVE_PENDING', '2025-02-22T22:04:44'),
    (2, 'V1', 'RESERVE_PENDING', '2025-02-22T22:04:44'),
    (3, 'V1', 'RESERVE_PENDING', '2025-02-22T22:04:44'),
    (4, 'V1', 'RESERVE_PENDING', '2025-02-22T22:04:44'),
    (5, 'V1', 'RESERVE_PENDING', '2025-02-22T22:04:44'),
    (6, 'V1', 'RESERVE_PENDING', '2025-02-22T22:04:44'),
    (7, 'V1', 'RESERVE_PENDING', '2025-02-22T22:04:44'),

    (8, 'V1', 'RESERVE_PENDING', '2025-02-22T22:04:44'),
    (8, 'V1', 'CONFIRMED', '2025-02-22T22:04:44'),

    (9, 'V1', 'RESERVE_PENDING', '2025-02-22T22:04:44'),
    (9, 'V1', 'CONFIRMED', '2025-02-22T22:04:44'),
    (9, 'V1', 'CANCEL_PENDING', '2025-02-22T22:04:44'),

    (10, 'V1', 'RESERVE_PENDING', '2025-02-22T22:04:44'),
    (10, 'V1', 'CONFIRMED', '2025-02-22T22:04:44'),
    (10, 'V1', 'CANCEL_PENDING', '2025-02-22T22:04:44'),
    (10, 'V1', 'CANCELED', '2025-02-22T22:04:44'),

    (11, 'V1', 'RESERVE_PENDING', '2025-02-23T22:04:44'),
    (11, 'V1', 'CANCELED', '2025-02-23T22:04:44')
;