-- ํ์์คํ์ด ํ์ด๋ธ
-- FK ๊ด๊ณ์ ํ์ ํ์ด๋ธ๋ณด๋ค ๋จผ์ ์คํ๋์ด์ผ ํจ.
INSERT INTO store(store_reserve_method, store_reserve_gap, store_capacity, store_branch, created_at, store_name, store_start_date, store_end_date, store_start_time, store_end_time, store_at, store_short_desc, store_long_desc)
VALUES
    ('V2', 30, 20, '์์ธ๊ณ๋ฐฑํ์ ๊ฐ๋จ์', '2025-02-22T22:04:44', 'ZEROBASEONE', '2025-02-21', '2025-03-06', '10:00','17:30', '5์ธต ์ฌ์ด์ฆ ํฌ๋์คํธ', 'ZEROBASEONE\nThe 5th Mini Album โBLUE PARADISEโ\n๋ฐ๋งค ๊ธฐ๋ POP-UP STORE๋ฅผ ์งํํฉ๋๋ค.', '๋งค์ฐ๋งค์ฐ๊ธธ๊ณ๋์ด์ฐ๊ธฐ์๋ํ์คํธ๋งค์ฐ๋งค์ฐ๊ธธ๊ณ๋์ด์ฐ๊ธฐ์๋ํ์คํธ๋งค์ฐ๋งค์ฐ๊ธธ๊ณ๋์ด์ฐ๊ธฐ์๋ํ์คํธ๋งค์ฐ๋งค์ฐ๊ธธ๊ณ๋์ด์ฐ๊ธฐ์๋ํ์คํธ๋งค์ฐ๋งค์ฐ๊ธธ๊ณ๋์ด์ฐ๊ธฐ์๋ํ์คํธ๋งค์ฐ๋งค์ฐ๊ธธ๊ณ๋์ด์ฐ๊ธฐ์๋ํ์คํธ๋งค์ฐ๋งค์ฐ๊ธธ๊ณ๋์ด์ฐ๊ธฐ์๋ํ์คํธ๋งค์ฐ๋งค์ฐ๊ธธ๊ณ๋์ด์ฐ๊ธฐ์๋ํ์คํธ๋งค์ฐ๋งค์ฐ๊ธธ๊ณ๋์ด์ฐ๊ธฐ์๋ํ์คํธ๋งค์ฐ๋งค์ฐ๊ธธ๊ณ๋์ด์ฐ๊ธฐ์๋ํ์คํธ๋งค์ฐ๋งค์ฐ๊ธธ๊ณ๋์ด์ฐ๊ธฐ์๋ํ์คํธ๋งค์ฐ๋งค์ฐ๊ธธ๊ณ๋์ด์ฐ๊ธฐ์๋ํ์คํธ๋งค์ฐ๋งค์ฐ๊ธธ๊ณ๋์ด์ฐ๊ธฐ์๋ํ์คํธ๋งค์ฐ๋งค์ฐ๊ธธ๊ณ๋์ด์ฐ๊ธฐ์๋ํ์คํธ๋งค์ฐ๋งค์ฐ๊ธธ๊ณ๋์ด์ฐ๊ธฐ์๋ํ์คํธ๋งค์ฐ๋งค์ฐ๊ธธ๊ณ๋์ด์ฐ๊ธฐ์๋ํ์คํธ๋งค์ฐ๋งค์ฐ๊ธธ๊ณ๋์ด์ฐ๊ธฐ์๋ํ์คํธ๋งค์ฐ๋งค์ฐ๊ธธ๊ณ๋์ด์ฐ๊ธฐ์๋ํ์คํธ๋งค์ฐ๋งค์ฐ๊ธธ๊ณ๋์ด์ฐ๊ธฐ์๋ํ์คํธ๋งค์ฐ๋งค์ฐ๊ธธ๊ณ๋์ด์ฐ๊ธฐ์๋ํ์คํธ๋งค์ฐ๋งค์ฐ๊ธธ๊ณ๋์ด์ฐ๊ธฐ์๋ํ์คํธ๋งค์ฐ๋งค์ฐ๊ธธ๊ณ๋์ด์ฐ๊ธฐ์๋ํ์คํธ๋งค์ฐ๋งค์ฐ๊ธธ๊ณ๋์ด์ฐ๊ธฐ์๋ํ์คํธ๋งค์ฐ๋งค์ฐ๊ธธ๊ณ๋์ด์ฐ๊ธฐ์๋ํ์คํธ๋งค์ฐ๋งค์ฐ๊ธธ๊ณ๋์ด์ฐ๊ธฐ์๋ํ์คํธ๋งค์ฐ๋งค์ฐ๊ธธ๊ณ๋์ด์ฐ๊ธฐ์๋ํ์คํธ๋งค์ฐ๋งค์ฐ๊ธธ๊ณ๋์ด์ฐ๊ธฐ์๋ํ์คํธ๋งค์ฐ๋งค์ฐ๊ธธ๊ณ๋์ด์ฐ๊ธฐ์๋ํ์คํธ๋งค์ฐ๋งค์ฐ๊ธธ๊ณ๋์ด์ฐ๊ธฐ์๋ํ์คํธ\n\n๊ทธ๋ฆฌ๊ณ ๋์ด์ฐ๊ธฐ๋\nline break ์๋ ํ์คํธ'),
    ('V1', 60, 30, '์์ธ๊ณ๋ฐฑํ์ ๊ฐ๋จ์', '2025-02-22T22:04:44', '์ฒด์ด์ฑ๋๋น in ์์ธ๊ณ๋ฐฑํ์ ๊ฐ๋จ', '2025-03-20', '2025-03-26', '10:00','18:00', '์งํ2์ธต POP-UP@EAST', '์ปฌ๋ฌํ ๋น๊ฑด ๋ทฐํฐ \"์ฒด์ด์ฑ๋๋น\"์\n๋ ๋ฒ์งธ ํ์ in ์์ธ๊ณ๋ฐฑํ์ ๊ฐ๋จ', '๋งค์ฐ๋งค์ฐ๊ธธ๊ณ๋์ด์ฐ๊ธฐ์๋ํ์คํธ๋งค์ฐ๋งค์ฐ๊ธธ๊ณ๋์ด์ฐ๊ธฐ์๋ํ์คํธ๋งค์ฐ๋งค์ฐ๊ธธ๊ณ๋์ด์ฐ๊ธฐ์๋ํ์คํธ๋งค์ฐ๋งค์ฐ๊ธธ๊ณ๋์ด์ฐ๊ธฐ์๋ํ์คํธ๋งค์ฐ๋งค์ฐ๊ธธ๊ณ๋์ด์ฐ๊ธฐ์๋ํ์คํธ๋งค์ฐ๋งค์ฐ๊ธธ๊ณ๋์ด์ฐ๊ธฐ์๋ํ์คํธ๋งค์ฐ๋งค์ฐ๊ธธ๊ณ๋์ด์ฐ๊ธฐ์๋ํ์คํธ๋งค์ฐ๋งค์ฐ๊ธธ๊ณ๋์ด์ฐ๊ธฐ์๋ํ์คํธ๋งค์ฐ๋งค์ฐ๊ธธ๊ณ๋์ด์ฐ๊ธฐ์๋ํ์คํธ๋งค์ฐ๋งค์ฐ๊ธธ๊ณ๋์ด์ฐ๊ธฐ์๋ํ์คํธ๋งค์ฐ๋งค์ฐ๊ธธ๊ณ๋์ด์ฐ๊ธฐ์๋ํ์คํธ๋งค์ฐ๋งค์ฐ๊ธธ๊ณ๋์ด์ฐ๊ธฐ์๋ํ์คํธ๋งค์ฐ๋งค์ฐ๊ธธ๊ณ๋์ด์ฐ๊ธฐ์๋ํ์คํธ๋งค์ฐ๋งค์ฐ๊ธธ๊ณ๋์ด์ฐ๊ธฐ์๋ํ์คํธ๋งค์ฐ๋งค์ฐ๊ธธ๊ณ๋์ด์ฐ๊ธฐ์๋ํ์คํธ๋งค์ฐ๋งค์ฐ๊ธธ๊ณ๋์ด์ฐ๊ธฐ์๋ํ์คํธ๋งค์ฐ๋งค์ฐ๊ธธ๊ณ๋์ด์ฐ๊ธฐ์๋ํ์คํธ๋งค์ฐ๋งค์ฐ๊ธธ๊ณ๋์ด์ฐ๊ธฐ์๋ํ์คํธ๋งค์ฐ๋งค์ฐ๊ธธ๊ณ๋์ด์ฐ๊ธฐ์๋ํ์คํธ๋งค์ฐ๋งค์ฐ๊ธธ๊ณ๋์ด์ฐ๊ธฐ์๋ํ์คํธ๋งค์ฐ๋งค์ฐ๊ธธ๊ณ๋์ด์ฐ๊ธฐ์๋ํ์คํธ๋งค์ฐ๋งค์ฐ๊ธธ๊ณ๋์ด์ฐ๊ธฐ์๋ํ์คํธ๋งค์ฐ๋งค์ฐ๊ธธ๊ณ๋์ด์ฐ๊ธฐ์๋ํ์คํธ๋งค์ฐ๋งค์ฐ๊ธธ๊ณ๋์ด์ฐ๊ธฐ์๋ํ์คํธ๋งค์ฐ๋งค์ฐ๊ธธ๊ณ๋์ด์ฐ๊ธฐ์๋ํ์คํธ๋งค์ฐ๋งค์ฐ๊ธธ๊ณ๋์ด์ฐ๊ธฐ์๋ํ์คํธ๋งค์ฐ๋งค์ฐ๊ธธ๊ณ๋์ด์ฐ๊ธฐ์๋ํ์คํธ๋งค์ฐ๋งค์ฐ๊ธธ๊ณ๋์ด์ฐ๊ธฐ์๋ํ์คํธ๋งค์ฐ๋งค์ฐ๊ธธ๊ณ๋์ด์ฐ๊ธฐ์๋ํ์คํธ\n\n๊ทธ๋ฆฌ๊ณ ๋์ด์ฐ๊ธฐ๋\nline break ์๋ ํ์คํธ'),
    ('V1', 30, 10, '์์ธ๊ณ๋ฐฑํ์ ๊ฐ๋จ์', '2025-02-22T22:04:44', '<์ธ์ํ, ๋ชจ๋ค์์ ๋ฏธ๊ตญ์ผ๋ก: ๋น, ๋ฐ๋ค๋ฅผ ๊ฑด๋๋ค> ์์', '2025-03-15', '2025-03-26', '10:30','20:00', '5์ธต ์ฌ์ด์ฆ ํฌ๋์คํธ', 'ํ๊ตญ๊ฒฝ์์๋ฌธ์ด ์ฃผ์ตํ๋ ํน๋ณ์ <์ธ์ํ, ๋ชจ๋ค์์ ๋ฏธ๊ตญ์ผ๋ก: ๋น, ๋ฐ๋ค๋ฅผ ๊ฑด๋๋ค>๊ฐ 2025๋ 3์ 15์ผ๋ถํฐ 3์ 26์ผ๊น์ง ์์ธ๊ณ๋ฐฑํ์์์ ๊ฐ์ต๋ฉ๋๋ค.', 'ํ๊ตญ๊ฒฝ์์๋ฌธ์ด ์ฃผ์ตํ๋ ํน๋ณ์ <์ธ์ํ, ๋ชจ๋ค์์ ๋ฏธ๊ตญ์ผ๋ก: ๋น, ๋ฐ๋ค๋ฅผ ๊ฑด๋๋ค>๊ฐ 2025๋ 2์ 15์ผ๋ถํฐ 5์ 26์ผ๊น์ง ๋ํ๋ ALT.1 ์์ ๊ฐ์ต๋ฉ๋๋ค.\n\n\n\n์ด๋ฒ ์์๋ ๊ตญ๋ด ์ต์ด๋ก ๊ณต๊ฐ๋๋ ๋ฏธ๊ตญ ์ฐ์คํฐ๋ฏธ์๊ด์ ์์๋ ์ธ์ํ ์ํ ์ํ 53์์ ํตํด, ํ๋์ค์์ ์์๋ ์ธ์์ฃผ์๊ฐ ์๋ฝ๊ณผ ๋ฏธ๊ตญ์ผ๋ก ํ์ฐ๋๋ฉฐ ๋ฏธ์์ฌ์ ๋ผ์น ์ํฅ์ ํ๊ตฌํฉ๋๋ค.\n\n์ธ์์ฃผ์์ ์ธ๊ณ์์ธ ์งํ์ ๋งค๋ฅ์ ๊น์ด ์๊ฒ ์กฐ๋ชํ๋ ์ด ํน๋ณํ ์์๋ฅผ ๋์น์ง ๋ง์ธ์.\n\n\n\n[์๋ด ๋ฐ ์ฃผ์์ฌํญ]\n\nโ์ผ๋ฆฌ๋ฒ๋ ํฐ์ผ ํ๋งค ๊ธฐ๊ฐ: 1์ 15์ผ(์) 10:00 - \n์ 6์ผ(๋ชฉ) 23:59\n-์ผ๋ฆฌ๋ฒ๋ ํฐ์ผ์ ์์ฐฉ์ ํ์ ํ๋งค๋ก ์งํ๋๋ฉฐ, ์ํฉ์ ๋ฐ๋ผ ์กฐ๊ธฐ ๋งค์ง๋ ์ ์์ต๋๋ค.\n\nโ์ผ๋ฆฌ๋ฒ๋ ํฐ์ผ ์ฌ์ฉ ๊ธฐ๊ฐ: 2์ 15์ผ(ํ) ~ 4์ 14์ผ(์)\n-์ผ๋ฆฌ๋ฒ๋ ํฐ์ผ ์ฌ์ฉ ๊ธฐ๊ฐ ์ดํ ์ทจ์ ๋ฐ ํ๋ถ ๋ถ๊ฐ\n\n*๊ด๋๊ฐ์ด ๋ง์ ๊ฒฝ์ฐ ๋๊ธฐ ๋ฒํธํ๋ฅผ ์ํํฉ๋๋ค.\n*๋๊ธฐ ๋ฒํธํ ์ด์ ์ ์๋งคํ์ ๊ฒฝ์ฐ์๋ ๋๊ธฐ ๋ฒํธ๋ฅผ ๋ฐ์ผ์์ผ ์์ฅ ๊ฐ๋ฅํฉ๋๋ค.\n*๋๊ธฐ ์๊ฐ์ด ๊ธธ์ด์ง ๊ฒฝ์ฐ ๋งคํ ๋ฐ ์์ฅ์ด ์กฐ๊ธฐ ์ข๋ฃ๋ ์ ์์ต๋๋ค.'),
    ('V1', 30, 10, '์์ธ๊ณ๋ฐฑํ์ ๊ฐ๋จ์', '2025-02-22T22:04:44', '๋ฏธํผ 70์ฃผ๋ ์์ผ ๊ธฐ๋์ <๋ฏธํผ์ ๋ง๋ฒ์ฐ์ฒดํต>', '2025-03-21', '2025-04-17', '10:00','20:00', '์ผํธ๋ด๋ฎค์ง์', '๋ฏธํผ์ ํจ๊ป ํํํ๋ ๊ฑฐ๋ํ ๋ง๋ฒ ์ฐ์ฒดํต!\n๋จ์ํ์ง๋ง ์ปค๋ค๋ ๊ท์ฌ์์ผ๋ก ์ค๋ ์ธ์ ์ฌ๋๋ฐ์ ์จ ๋ฏธํผ์ 70๋ฒ์งธ ์์ผ.', '๐ฐ๋ฏธํผ 70์ฃผ๋ ์์ผ ๊ธฐ๋์ : ๋ฏธํผ์ ๋ง๋ฒ์ฐ์ฒดํต๐ซ\n\n\n\n๋ฏธํผ์ ํจ๊ป ํํํ๋ ๊ฑฐ๋ํ ๋ง๋ฒ ์ฐ์ฒดํต!\n\n๋จ์ํ์ง๋ง ์ปค๋ค๋ ๊ท์ฌ์์ผ๋ก ์ค๋ ์ธ์ ์ฌ๋๋ฐ์ ์จ ๋ฏธํผ์ 70๋ฒ์งธ ์์ผ.\n\n\n\n๐์ผ๋ฆฌ๋ฒ๋ ์ด๋ฒคํธ\n\n์ง๊ธ ํํผ์ปค์์ ์ผ๋ฆฌ๋ฒ๋ ์๋งคํ๋ฉด ๊ท์ฌ์ด ๋ฏธํผ ๊ตฟ์ฆ ์ด๋ฒคํธ์ ์๋ ์๋ชจ!\n\n*ํ์ํ ํฌํ์นด๋ 70๋ช, ๋ฏธํผ ํ๋ธ๋ฌ, ๋ฏธํผ ๊ฐ์ต๊ธฐ\n\n\n\n๐ฐ๋ฏธํผ์ ๋ง๋ฒ์ฐ์ฒดํต ๊ด๋ ํฌ์ธํธ\n\n\n\nPOINT 1. ๋ฏธํผ 70์ฃผ๋ ์์ผ ๊ธฐ๋์\n\n''๋ฏธํผ 70์ฃผ๋ ์์ผ ๊ธฐ๋์ : ๋ฏธํผ์ ๋ง๋ฒ ์ฐ์ฒดํต''์์๋ ๋ฏธํผ์ ํจ๊ป ๋ฝ์ ์์ค๋ง, ๋ณด๋ฆฌ์ค, ๋ฐ๋ฐ๋ผ, ๊ทธ๋ฐํฐ ๋ฑ ๋ค์ํ ์บ๋ฆญํฐ์์ ์ถ์ต์ ๋๋์๋ณด๋ ํน๋ณํ ์๊ฐ์ ๋น์ฌ๋์ด์. ๋ฏธํผ์ ์น๊ตฌ๋ค์ ์์ ์ด๋ฆฐ ๊ณต๊ฐ์ ๋ง๋๋ณด๋ฉฐ ๋ฏธํผ์ ์์ผ์ ์ถํํ๊ณ ๋ ๋ค๋ฅธ ์ถ์ต์ ๋ง๋ค์ด๋ณด์ธ์!\n\n\n\nPOINT 2. ์์์ ์ต๋ ๊ท๋ชจ ๋ฏธ๋์ด ์์\n\n500์ฌ ํ ๊ท๋ชจ๋ฅผ ์๋ํ๋ ์์์ ์ต๋ ๊ท๋ชจ ๋ฏธํผ ์์!\n\n๊ทธ๋์ ์ฝ๊ฒ ๋ณผ ์ ์์๋ ๋ฏธํผ ์ํ์ ๋ค์ํ ๋นํฐ์ง ์์ํ๋ค์ ๋ฌผ๋ก, ๊ณต๊ฐ์ ๋ค์ฑ๋กญ๊ฒ ์ฑ์ฐ๋ ๊ท์ฌ์ด ๋ฏธ๋์ด์ ์คํ๋ฆฌ๊ฐ ์ด์์๋ ๋ฏธ๋์ด ์ฒดํ๊น์ง ๋ง๋๋ณผ ์ ์์ด์. ์คํ๋ฆฌ๋ฅผ ๋ฐ๋ผ ๊ฑฐ๋ํ ๋ง๋ฒ ์ฐ์ฒดํต ์์ ๊ฑฐ๋๋ค ๋ณด๋ฉด, ๋ฏธํผ๊ฐ ํ๋ฆฌ๊ณ ๊ฐ ์์คํ ์ถํ ํธ์ง๋ค๋ ์์งํ ์ ์๋ต๋๋ค.\n\n\nPOINT 3. ๋์น ๋์์ด๋, ''๋ฏธํผ ํ์๋ฒ์ง'' ๋ ๋ธ๋ฃจ๋\n\n๋ค๋๋๋ ๊ตญ๋ฏผ ์๊ฐ์ด์ ๋ํ์์ธ ๋์น ๋์์ด๋, ๊ทธ๋ฆฌ๊ณ ๋ฏธํผ๋ฅผ ๊ทธ๋ฆฐ ์ํฐ์คํธ ๋ ๋ธ๋ฃจ๋์ ์ํ ์ธ๊ณ์ ๋ฏธํผ์ ํ์ ๋ฐฐ๊ฒฝ์ ์์๋ณด๊ณ ๋ค๋ฅธ ์์์์ ๋ณผ ์ ์์๋ ์ํ๋ฅผ ํตํด ๊ทธ์ ์์์์ ๊ฐ์ฅ ์ค์ํ๋, ์์ด๋ค์ ํฅํ ์์๊ณผ ''๋จ์ํจ์ ํ''์ ๋๊ปด๋ณด์ธ์.'),
    ('V1', 30, 10, '์์ธ๊ณ๋ฐฑํ์ ๊ฐ๋จ์', '2025-02-22T22:04:44', '์ค๋ฏธ์ฝ๊ตฌ๋ผ์ ํ์์คํ์ด <์ค๋ฏธ์ฝ๊ตฌ๋ผ์์ ํ๋ณตํ ํํผ์ค์นด ํธ์์>', '2025-03-31', '2025-04-16', '11:00','22:00', '3์ธต SSG PLAZA', '๊ตญ๋ด ์ต์ด!\n์ค๋ฏธ์ฝ๊ตฌ๋ผ์ ํ์์คํ์ด๊ฐ ํ๊ตญ์ ์ฐพ์ ์ต๋๋ค! ๐๐', '๊ตญ๋ด ์ต์ด!\n์ค๋ฏธ์ฝ๊ตฌ๋ผ์ ํ์์คํ์ด๊ฐ ํ๊ตญ์ ์ฐพ์ ์ต๋๋ค! ๐๐\n\n\n\n<์ค๋ฏธ์ฝ๊ตฌ๋ผ์์ ํ๋ณตํ ํํผ์ค์นด ํธ์์>์์๋ ๊ท์ฌ์ด ์ค๋ฏธ์ฝ ๊ตฟ์ฆ๊ฐ ๋ค์ํ๊ฒ ์ค๋น๋ ์์์ด์ค๋ ๋ง์ ๊ธฐ๋ ๋ถํ๋๋ฆฝ๋๋ค!\n\n๊ทธ๋ผ! ๋ชจ๋๋ค ์๋ํ ์ค๋น~๐\n\n\n\n-๊ธฐ๊ฐ : 2025.03.31~2025.04.16\n-์ฅ์ : ์์ธ๊ณ๋ฐฑํ์ ๊ฐ๋จ์ 3์ธต SSG PLAZA'),
    ('V1', 30, 10, '์์ธ๊ณ๋ฐฑํ์ ๊ฐ๋จ์', '2025-02-22T22:04:44', '์ฒด์ด์ฑ๋๋น', '2025-02-21', '2025-03-06', '10:00','18:00', '5์ธต ์ฌ์ด์ฆ ํฌ๋์คํธ', '์งง์ ํ์์คํ์ด ์ค๋ช', '๋งค์ฐ๋งค์ฐ๊ธธ๊ณ๋์ด์ฐ๊ธฐ์๋ํ์คํธ๋งค์ฐ๋งค์ฐ๊ธธ๊ณ๋์ด์ฐ๊ธฐ์๋ํ์คํธ๋งค์ฐ๋งค์ฐ๊ธธ๊ณ๋์ด์ฐ๊ธฐ์๋ํ์คํธ๋งค์ฐ๋งค์ฐ๊ธธ๊ณ๋์ด์ฐ๊ธฐ์๋ํ์คํธ๋งค์ฐ๋งค์ฐ๊ธธ๊ณ๋์ด์ฐ๊ธฐ์๋ํ์คํธ๋งค์ฐ๋งค์ฐ๊ธธ๊ณ๋์ด์ฐ๊ธฐ์๋ํ์คํธ๋งค์ฐ๋งค์ฐ๊ธธ๊ณ๋์ด์ฐ๊ธฐ์๋ํ์คํธ๋งค์ฐ๋งค์ฐ๊ธธ๊ณ๋์ด์ฐ๊ธฐ์๋ํ์คํธ๋งค์ฐ๋งค์ฐ๊ธธ๊ณ๋์ด์ฐ๊ธฐ์๋ํ์คํธ๋งค์ฐ๋งค์ฐ๊ธธ๊ณ๋์ด์ฐ๊ธฐ์๋ํ์คํธ๋งค์ฐ๋งค์ฐ๊ธธ๊ณ๋์ด์ฐ๊ธฐ์๋ํ์คํธ๋งค์ฐ๋งค์ฐ๊ธธ๊ณ๋์ด์ฐ๊ธฐ์๋ํ์คํธ๋งค์ฐ๋งค์ฐ๊ธธ๊ณ๋์ด์ฐ๊ธฐ์๋ํ์คํธ๋งค์ฐ๋งค์ฐ๊ธธ๊ณ๋์ด์ฐ๊ธฐ์๋ํ์คํธ๋งค์ฐ๋งค์ฐ๊ธธ๊ณ๋์ด์ฐ๊ธฐ์๋ํ์คํธ๋งค์ฐ๋งค์ฐ๊ธธ๊ณ๋์ด์ฐ๊ธฐ์๋ํ์คํธ๋งค์ฐ๋งค์ฐ๊ธธ๊ณ๋์ด์ฐ๊ธฐ์๋ํ์คํธ๋งค์ฐ๋งค์ฐ๊ธธ๊ณ๋์ด์ฐ๊ธฐ์๋ํ์คํธ๋งค์ฐ๋งค์ฐ๊ธธ๊ณ๋์ด์ฐ๊ธฐ์๋ํ์คํธ๋งค์ฐ๋งค์ฐ๊ธธ๊ณ๋์ด์ฐ๊ธฐ์๋ํ์คํธ๋งค์ฐ๋งค์ฐ๊ธธ๊ณ๋์ด์ฐ๊ธฐ์๋ํ์คํธ๋งค์ฐ๋งค์ฐ๊ธธ๊ณ๋์ด์ฐ๊ธฐ์๋ํ์คํธ๋งค์ฐ๋งค์ฐ๊ธธ๊ณ๋์ด์ฐ๊ธฐ์๋ํ์คํธ๋งค์ฐ๋งค์ฐ๊ธธ๊ณ๋์ด์ฐ๊ธฐ์๋ํ์คํธ๋งค์ฐ๋งค์ฐ๊ธธ๊ณ๋์ด์ฐ๊ธฐ์๋ํ์คํธ๋งค์ฐ๋งค์ฐ๊ธธ๊ณ๋์ด์ฐ๊ธฐ์๋ํ์คํธ๋งค์ฐ๋งค์ฐ๊ธธ๊ณ๋์ด์ฐ๊ธฐ์๋ํ์คํธ๋งค์ฐ๋งค์ฐ๊ธธ๊ณ๋์ด์ฐ๊ธฐ์๋ํ์คํธ๋งค์ฐ๋งค์ฐ๊ธธ๊ณ๋์ด์ฐ๊ธฐ์๋ํ์คํธ\n\n๊ทธ๋ฆฌ๊ณ ๋์ด์ฐ๊ธฐ๋\nline break ์๋ ํ์คํธ'),
    ('V1', 30, 10, '์์ธ๊ณ๋ฐฑํ์ ๊ฐ๋จ์', '2025-02-22T22:04:44', '์ฒด์ด์ฑ๋๋น', '2025-02-21', '2025-03-06', '10:00','18:00', '5์ธต ์ฌ์ด์ฆ ํฌ๋์คํธ', '์งง์ ํ์์คํ์ด ์ค๋ช', '๋งค์ฐ๋งค์ฐ๊ธธ๊ณ๋์ด์ฐ๊ธฐ์๋ํ์คํธ๋งค์ฐ๋งค์ฐ๊ธธ๊ณ๋์ด์ฐ๊ธฐ์๋ํ์คํธ๋งค์ฐ๋งค์ฐ๊ธธ๊ณ๋์ด์ฐ๊ธฐ์๋ํ์คํธ๋งค์ฐ๋งค์ฐ๊ธธ๊ณ๋์ด์ฐ๊ธฐ์๋ํ์คํธ๋งค์ฐ๋งค์ฐ๊ธธ๊ณ๋์ด์ฐ๊ธฐ์๋ํ์คํธ๋งค์ฐ๋งค์ฐ๊ธธ๊ณ๋์ด์ฐ๊ธฐ์๋ํ์คํธ๋งค์ฐ๋งค์ฐ๊ธธ๊ณ๋์ด์ฐ๊ธฐ์๋ํ์คํธ๋งค์ฐ๋งค์ฐ๊ธธ๊ณ๋์ด์ฐ๊ธฐ์๋ํ์คํธ๋งค์ฐ๋งค์ฐ๊ธธ๊ณ๋์ด์ฐ๊ธฐ์๋ํ์คํธ๋งค์ฐ๋งค์ฐ๊ธธ๊ณ๋์ด์ฐ๊ธฐ์๋ํ์คํธ๋งค์ฐ๋งค์ฐ๊ธธ๊ณ๋์ด์ฐ๊ธฐ์๋ํ์คํธ๋งค์ฐ๋งค์ฐ๊ธธ๊ณ๋์ด์ฐ๊ธฐ์๋ํ์คํธ๋งค์ฐ๋งค์ฐ๊ธธ๊ณ๋์ด์ฐ๊ธฐ์๋ํ์คํธ๋งค์ฐ๋งค์ฐ๊ธธ๊ณ๋์ด์ฐ๊ธฐ์๋ํ์คํธ๋งค์ฐ๋งค์ฐ๊ธธ๊ณ๋์ด์ฐ๊ธฐ์๋ํ์คํธ๋งค์ฐ๋งค์ฐ๊ธธ๊ณ๋์ด์ฐ๊ธฐ์๋ํ์คํธ๋งค์ฐ๋งค์ฐ๊ธธ๊ณ๋์ด์ฐ๊ธฐ์๋ํ์คํธ๋งค์ฐ๋งค์ฐ๊ธธ๊ณ๋์ด์ฐ๊ธฐ์๋ํ์คํธ๋งค์ฐ๋งค์ฐ๊ธธ๊ณ๋์ด์ฐ๊ธฐ์๋ํ์คํธ๋งค์ฐ๋งค์ฐ๊ธธ๊ณ๋์ด์ฐ๊ธฐ์๋ํ์คํธ๋งค์ฐ๋งค์ฐ๊ธธ๊ณ๋์ด์ฐ๊ธฐ์๋ํ์คํธ๋งค์ฐ๋งค์ฐ๊ธธ๊ณ๋์ด์ฐ๊ธฐ์๋ํ์คํธ๋งค์ฐ๋งค์ฐ๊ธธ๊ณ๋์ด์ฐ๊ธฐ์๋ํ์คํธ๋งค์ฐ๋งค์ฐ๊ธธ๊ณ๋์ด์ฐ๊ธฐ์๋ํ์คํธ๋งค์ฐ๋งค์ฐ๊ธธ๊ณ๋์ด์ฐ๊ธฐ์๋ํ์คํธ๋งค์ฐ๋งค์ฐ๊ธธ๊ณ๋์ด์ฐ๊ธฐ์๋ํ์คํธ๋งค์ฐ๋งค์ฐ๊ธธ๊ณ๋์ด์ฐ๊ธฐ์๋ํ์คํธ๋งค์ฐ๋งค์ฐ๊ธธ๊ณ๋์ด์ฐ๊ธฐ์๋ํ์คํธ๋งค์ฐ๋งค์ฐ๊ธธ๊ณ๋์ด์ฐ๊ธฐ์๋ํ์คํธ\n\n๊ทธ๋ฆฌ๊ณ ๋์ด์ฐ๊ธฐ๋\nline break ์๋ ํ์คํธ'),
    ('V1', 30, 10, '์์ธ๊ณ๋ฐฑํ์ ๊ฐ๋จ์', '2025-02-22T22:04:44', '์ฒด์ด์ฑ๋๋น', '2025-02-21', '2025-03-06', '10:00','18:00', '5์ธต ์ฌ์ด์ฆ ํฌ๋์คํธ', '์งง์ ํ์์คํ์ด ์ค๋ช', '๋งค์ฐ๋งค์ฐ๊ธธ๊ณ๋์ด์ฐ๊ธฐ์๋ํ์คํธ๋งค์ฐ๋งค์ฐ๊ธธ๊ณ๋์ด์ฐ๊ธฐ์๋ํ์คํธ๋งค์ฐ๋งค์ฐ๊ธธ๊ณ๋์ด์ฐ๊ธฐ์๋ํ์คํธ๋งค์ฐ๋งค์ฐ๊ธธ๊ณ๋์ด์ฐ๊ธฐ์๋ํ์คํธ๋งค์ฐ๋งค์ฐ๊ธธ๊ณ๋์ด์ฐ๊ธฐ์๋ํ์คํธ๋งค์ฐ๋งค์ฐ๊ธธ๊ณ๋์ด์ฐ๊ธฐ์๋ํ์คํธ๋งค์ฐ๋งค์ฐ๊ธธ๊ณ๋์ด์ฐ๊ธฐ์๋ํ์คํธ๋งค์ฐ๋งค์ฐ๊ธธ๊ณ๋์ด์ฐ๊ธฐ์๋ํ์คํธ๋งค์ฐ๋งค์ฐ๊ธธ๊ณ๋์ด์ฐ๊ธฐ์๋ํ์คํธ๋งค์ฐ๋งค์ฐ๊ธธ๊ณ๋์ด์ฐ๊ธฐ์๋ํ์คํธ๋งค์ฐ๋งค์ฐ๊ธธ๊ณ๋์ด์ฐ๊ธฐ์๋ํ์คํธ๋งค์ฐ๋งค์ฐ๊ธธ๊ณ๋์ด์ฐ๊ธฐ์๋ํ์คํธ๋งค์ฐ๋งค์ฐ๊ธธ๊ณ๋์ด์ฐ๊ธฐ์๋ํ์คํธ๋งค์ฐ๋งค์ฐ๊ธธ๊ณ๋์ด์ฐ๊ธฐ์๋ํ์คํธ๋งค์ฐ๋งค์ฐ๊ธธ๊ณ๋์ด์ฐ๊ธฐ์๋ํ์คํธ๋งค์ฐ๋งค์ฐ๊ธธ๊ณ๋์ด์ฐ๊ธฐ์๋ํ์คํธ๋งค์ฐ๋งค์ฐ๊ธธ๊ณ๋์ด์ฐ๊ธฐ์๋ํ์คํธ๋งค์ฐ๋งค์ฐ๊ธธ๊ณ๋์ด์ฐ๊ธฐ์๋ํ์คํธ๋งค์ฐ๋งค์ฐ๊ธธ๊ณ๋์ด์ฐ๊ธฐ์๋ํ์คํธ๋งค์ฐ๋งค์ฐ๊ธธ๊ณ๋์ด์ฐ๊ธฐ์๋ํ์คํธ๋งค์ฐ๋งค์ฐ๊ธธ๊ณ๋์ด์ฐ๊ธฐ์๋ํ์คํธ๋งค์ฐ๋งค์ฐ๊ธธ๊ณ๋์ด์ฐ๊ธฐ์๋ํ์คํธ๋งค์ฐ๋งค์ฐ๊ธธ๊ณ๋์ด์ฐ๊ธฐ์๋ํ์คํธ๋งค์ฐ๋งค์ฐ๊ธธ๊ณ๋์ด์ฐ๊ธฐ์๋ํ์คํธ๋งค์ฐ๋งค์ฐ๊ธธ๊ณ๋์ด์ฐ๊ธฐ์๋ํ์คํธ๋งค์ฐ๋งค์ฐ๊ธธ๊ณ๋์ด์ฐ๊ธฐ์๋ํ์คํธ๋งค์ฐ๋งค์ฐ๊ธธ๊ณ๋์ด์ฐ๊ธฐ์๋ํ์คํธ๋งค์ฐ๋งค์ฐ๊ธธ๊ณ๋์ด์ฐ๊ธฐ์๋ํ์คํธ๋งค์ฐ๋งค์ฐ๊ธธ๊ณ๋์ด์ฐ๊ธฐ์๋ํ์คํธ\n\n๊ทธ๋ฆฌ๊ณ ๋์ด์ฐ๊ธฐ๋\nline break ์๋ ํ์คํธ'),
    ('V1', 30, 10, '์์ธ๊ณ๋ฐฑํ์ ๊ฐ๋จ์', '2025-02-22T22:04:44', '์ฒด์ด์ฑ๋๋น', '2025-02-21', '2025-03-06', '10:00','18:00', '5์ธต ์ฌ์ด์ฆ ํฌ๋์คํธ', '์งง์ ํ์์คํ์ด ์ค๋ช', '๋งค์ฐ๋งค์ฐ๊ธธ๊ณ๋์ด์ฐ๊ธฐ์๋ํ์คํธ๋งค์ฐ๋งค์ฐ๊ธธ๊ณ๋์ด์ฐ๊ธฐ์๋ํ์คํธ๋งค์ฐ๋งค์ฐ๊ธธ๊ณ๋์ด์ฐ๊ธฐ์๋ํ์คํธ๋งค์ฐ๋งค์ฐ๊ธธ๊ณ๋์ด์ฐ๊ธฐ์๋ํ์คํธ๋งค์ฐ๋งค์ฐ๊ธธ๊ณ๋์ด์ฐ๊ธฐ์๋ํ์คํธ๋งค์ฐ๋งค์ฐ๊ธธ๊ณ๋์ด์ฐ๊ธฐ์๋ํ์คํธ๋งค์ฐ๋งค์ฐ๊ธธ๊ณ๋์ด์ฐ๊ธฐ์๋ํ์คํธ๋งค์ฐ๋งค์ฐ๊ธธ๊ณ๋์ด์ฐ๊ธฐ์๋ํ์คํธ๋งค์ฐ๋งค์ฐ๊ธธ๊ณ๋์ด์ฐ๊ธฐ์๋ํ์คํธ๋งค์ฐ๋งค์ฐ๊ธธ๊ณ๋์ด์ฐ๊ธฐ์๋ํ์คํธ๋งค์ฐ๋งค์ฐ๊ธธ๊ณ๋์ด์ฐ๊ธฐ์๋ํ์คํธ๋งค์ฐ๋งค์ฐ๊ธธ๊ณ๋์ด์ฐ๊ธฐ์๋ํ์คํธ๋งค์ฐ๋งค์ฐ๊ธธ๊ณ๋์ด์ฐ๊ธฐ์๋ํ์คํธ๋งค์ฐ๋งค์ฐ๊ธธ๊ณ๋์ด์ฐ๊ธฐ์๋ํ์คํธ๋งค์ฐ๋งค์ฐ๊ธธ๊ณ๋์ด์ฐ๊ธฐ์๋ํ์คํธ๋งค์ฐ๋งค์ฐ๊ธธ๊ณ๋์ด์ฐ๊ธฐ์๋ํ์คํธ๋งค์ฐ๋งค์ฐ๊ธธ๊ณ๋์ด์ฐ๊ธฐ์๋ํ์คํธ๋งค์ฐ๋งค์ฐ๊ธธ๊ณ๋์ด์ฐ๊ธฐ์๋ํ์คํธ๋งค์ฐ๋งค์ฐ๊ธธ๊ณ๋์ด์ฐ๊ธฐ์๋ํ์คํธ๋งค์ฐ๋งค์ฐ๊ธธ๊ณ๋์ด์ฐ๊ธฐ์๋ํ์คํธ๋งค์ฐ๋งค์ฐ๊ธธ๊ณ๋์ด์ฐ๊ธฐ์๋ํ์คํธ๋งค์ฐ๋งค์ฐ๊ธธ๊ณ๋์ด์ฐ๊ธฐ์๋ํ์คํธ๋งค์ฐ๋งค์ฐ๊ธธ๊ณ๋์ด์ฐ๊ธฐ์๋ํ์คํธ๋งค์ฐ๋งค์ฐ๊ธธ๊ณ๋์ด์ฐ๊ธฐ์๋ํ์คํธ๋งค์ฐ๋งค์ฐ๊ธธ๊ณ๋์ด์ฐ๊ธฐ์๋ํ์คํธ๋งค์ฐ๋งค์ฐ๊ธธ๊ณ๋์ด์ฐ๊ธฐ์๋ํ์คํธ๋งค์ฐ๋งค์ฐ๊ธธ๊ณ๋์ด์ฐ๊ธฐ์๋ํ์คํธ๋งค์ฐ๋งค์ฐ๊ธธ๊ณ๋์ด์ฐ๊ธฐ์๋ํ์คํธ๋งค์ฐ๋งค์ฐ๊ธธ๊ณ๋์ด์ฐ๊ธฐ์๋ํ์คํธ\n\n๊ทธ๋ฆฌ๊ณ ๋์ด์ฐ๊ธฐ๋\nline break ์๋ ํ์คํธ'),

    ('V1', 30, 10, '์์ธ๊ณ๋ฐฑํ์ ๊ฐ๋จ์', '2025-02-22T22:04:44', 'ZEROBASEONE', '2025-02-21', '2025-03-06', '10:00','18:00', '5์ธต ์ฌ์ด์ฆ ํฌ๋์คํธ', '์งง์ ํ์์คํ์ด ์ค๋ช', '๋งค์ฐ๋งค์ฐ๊ธธ๊ณ๋์ด์ฐ๊ธฐ์๋ํ์คํธ๋งค์ฐ๋งค์ฐ๊ธธ๊ณ๋์ด์ฐ๊ธฐ์๋ํ์คํธ๋งค์ฐ๋งค์ฐ๊ธธ๊ณ๋์ด์ฐ๊ธฐ์๋ํ์คํธ๋งค์ฐ๋งค์ฐ๊ธธ๊ณ๋์ด์ฐ๊ธฐ์๋ํ์คํธ๋งค์ฐ๋งค์ฐ๊ธธ๊ณ๋์ด์ฐ๊ธฐ์๋ํ์คํธ๋งค์ฐ๋งค์ฐ๊ธธ๊ณ๋์ด์ฐ๊ธฐ์๋ํ์คํธ๋งค์ฐ๋งค์ฐ๊ธธ๊ณ๋์ด์ฐ๊ธฐ์๋ํ์คํธ๋งค์ฐ๋งค์ฐ๊ธธ๊ณ๋์ด์ฐ๊ธฐ์๋ํ์คํธ๋งค์ฐ๋งค์ฐ๊ธธ๊ณ๋์ด์ฐ๊ธฐ์๋ํ์คํธ๋งค์ฐ๋งค์ฐ๊ธธ๊ณ๋์ด์ฐ๊ธฐ์๋ํ์คํธ๋งค์ฐ๋งค์ฐ๊ธธ๊ณ๋์ด์ฐ๊ธฐ์๋ํ์คํธ๋งค์ฐ๋งค์ฐ๊ธธ๊ณ๋์ด์ฐ๊ธฐ์๋ํ์คํธ๋งค์ฐ๋งค์ฐ๊ธธ๊ณ๋์ด์ฐ๊ธฐ์๋ํ์คํธ๋งค์ฐ๋งค์ฐ๊ธธ๊ณ๋์ด์ฐ๊ธฐ์๋ํ์คํธ๋งค์ฐ๋งค์ฐ๊ธธ๊ณ๋์ด์ฐ๊ธฐ์๋ํ์คํธ๋งค์ฐ๋งค์ฐ๊ธธ๊ณ๋์ด์ฐ๊ธฐ์๋ํ์คํธ๋งค์ฐ๋งค์ฐ๊ธธ๊ณ๋์ด์ฐ๊ธฐ์๋ํ์คํธ๋งค์ฐ๋งค์ฐ๊ธธ๊ณ๋์ด์ฐ๊ธฐ์๋ํ์คํธ๋งค์ฐ๋งค์ฐ๊ธธ๊ณ๋์ด์ฐ๊ธฐ์๋ํ์คํธ๋งค์ฐ๋งค์ฐ๊ธธ๊ณ๋์ด์ฐ๊ธฐ์๋ํ์คํธ๋งค์ฐ๋งค์ฐ๊ธธ๊ณ๋์ด์ฐ๊ธฐ์๋ํ์คํธ๋งค์ฐ๋งค์ฐ๊ธธ๊ณ๋์ด์ฐ๊ธฐ์๋ํ์คํธ๋งค์ฐ๋งค์ฐ๊ธธ๊ณ๋์ด์ฐ๊ธฐ์๋ํ์คํธ๋งค์ฐ๋งค์ฐ๊ธธ๊ณ๋์ด์ฐ๊ธฐ์๋ํ์คํธ๋งค์ฐ๋งค์ฐ๊ธธ๊ณ๋์ด์ฐ๊ธฐ์๋ํ์คํธ๋งค์ฐ๋งค์ฐ๊ธธ๊ณ๋์ด์ฐ๊ธฐ์๋ํ์คํธ๋งค์ฐ๋งค์ฐ๊ธธ๊ณ๋์ด์ฐ๊ธฐ์๋ํ์คํธ๋งค์ฐ๋งค์ฐ๊ธธ๊ณ๋์ด์ฐ๊ธฐ์๋ํ์คํธ๋งค์ฐ๋งค์ฐ๊ธธ๊ณ๋์ด์ฐ๊ธฐ์๋ํ์คํธ\n\n๊ทธ๋ฆฌ๊ณ ๋์ด์ฐ๊ธฐ๋\nline break ์๋ ํ์คํธ'),
    ('V1', 30, 10, '์์ธ๊ณ๋ฐฑํ์ ๊ฐ๋จ์', '2025-02-22T22:04:44', 'ZEROBASEONE', '2025-02-21', '2025-03-06', '10:00','18:00', '5์ธต ์ฌ์ด์ฆ ํฌ๋์คํธ', '์งง์ ํ์์คํ์ด ์ค๋ช', '๋งค์ฐ๋งค์ฐ๊ธธ๊ณ๋์ด์ฐ๊ธฐ์๋ํ์คํธ๋งค์ฐ๋งค์ฐ๊ธธ๊ณ๋์ด์ฐ๊ธฐ์๋ํ์คํธ๋งค์ฐ๋งค์ฐ๊ธธ๊ณ๋์ด์ฐ๊ธฐ์๋ํ์คํธ๋งค์ฐ๋งค์ฐ๊ธธ๊ณ๋์ด์ฐ๊ธฐ์๋ํ์คํธ๋งค์ฐ๋งค์ฐ๊ธธ๊ณ๋์ด์ฐ๊ธฐ์๋ํ์คํธ๋งค์ฐ๋งค์ฐ๊ธธ๊ณ๋์ด์ฐ๊ธฐ์๋ํ์คํธ๋งค์ฐ๋งค์ฐ๊ธธ๊ณ๋์ด์ฐ๊ธฐ์๋ํ์คํธ๋งค์ฐ๋งค์ฐ๊ธธ๊ณ๋์ด์ฐ๊ธฐ์๋ํ์คํธ๋งค์ฐ๋งค์ฐ๊ธธ๊ณ๋์ด์ฐ๊ธฐ์๋ํ์คํธ๋งค์ฐ๋งค์ฐ๊ธธ๊ณ๋์ด์ฐ๊ธฐ์๋ํ์คํธ๋งค์ฐ๋งค์ฐ๊ธธ๊ณ๋์ด์ฐ๊ธฐ์๋ํ์คํธ๋งค์ฐ๋งค์ฐ๊ธธ๊ณ๋์ด์ฐ๊ธฐ์๋ํ์คํธ๋งค์ฐ๋งค์ฐ๊ธธ๊ณ๋์ด์ฐ๊ธฐ์๋ํ์คํธ๋งค์ฐ๋งค์ฐ๊ธธ๊ณ๋์ด์ฐ๊ธฐ์๋ํ์คํธ๋งค์ฐ๋งค์ฐ๊ธธ๊ณ๋์ด์ฐ๊ธฐ์๋ํ์คํธ๋งค์ฐ๋งค์ฐ๊ธธ๊ณ๋์ด์ฐ๊ธฐ์๋ํ์คํธ๋งค์ฐ๋งค์ฐ๊ธธ๊ณ๋์ด์ฐ๊ธฐ์๋ํ์คํธ๋งค์ฐ๋งค์ฐ๊ธธ๊ณ๋์ด์ฐ๊ธฐ์๋ํ์คํธ๋งค์ฐ๋งค์ฐ๊ธธ๊ณ๋์ด์ฐ๊ธฐ์๋ํ์คํธ๋งค์ฐ๋งค์ฐ๊ธธ๊ณ๋์ด์ฐ๊ธฐ์๋ํ์คํธ๋งค์ฐ๋งค์ฐ๊ธธ๊ณ๋์ด์ฐ๊ธฐ์๋ํ์คํธ๋งค์ฐ๋งค์ฐ๊ธธ๊ณ๋์ด์ฐ๊ธฐ์๋ํ์คํธ๋งค์ฐ๋งค์ฐ๊ธธ๊ณ๋์ด์ฐ๊ธฐ์๋ํ์คํธ๋งค์ฐ๋งค์ฐ๊ธธ๊ณ๋์ด์ฐ๊ธฐ์๋ํ์คํธ๋งค์ฐ๋งค์ฐ๊ธธ๊ณ๋์ด์ฐ๊ธฐ์๋ํ์คํธ๋งค์ฐ๋งค์ฐ๊ธธ๊ณ๋์ด์ฐ๊ธฐ์๋ํ์คํธ๋งค์ฐ๋งค์ฐ๊ธธ๊ณ๋์ด์ฐ๊ธฐ์๋ํ์คํธ๋งค์ฐ๋งค์ฐ๊ธธ๊ณ๋์ด์ฐ๊ธฐ์๋ํ์คํธ๋งค์ฐ๋งค์ฐ๊ธธ๊ณ๋์ด์ฐ๊ธฐ์๋ํ์คํธ\n\n๊ทธ๋ฆฌ๊ณ ๋์ด์ฐ๊ธฐ๋\nline break ์๋ ํ์คํธ'),
    ('V1', 30, 10, '์์ธ๊ณ๋ฐฑํ์ ๊ฐ๋จ์', '2025-02-22T22:04:44', 'ZEROBASEONE', '2025-02-21', '2025-03-06', '10:00','18:00', '5์ธต ์ฌ์ด์ฆ ํฌ๋์คํธ', '์งง์ ํ์์คํ์ด ์ค๋ช', '๋งค์ฐ๋งค์ฐ๊ธธ๊ณ๋์ด์ฐ๊ธฐ์๋ํ์คํธ๋งค์ฐ๋งค์ฐ๊ธธ๊ณ๋์ด์ฐ๊ธฐ์๋ํ์คํธ๋งค์ฐ๋งค์ฐ๊ธธ๊ณ๋์ด์ฐ๊ธฐ์๋ํ์คํธ๋งค์ฐ๋งค์ฐ๊ธธ๊ณ๋์ด์ฐ๊ธฐ์๋ํ์คํธ๋งค์ฐ๋งค์ฐ๊ธธ๊ณ๋์ด์ฐ๊ธฐ์๋ํ์คํธ๋งค์ฐ๋งค์ฐ๊ธธ๊ณ๋์ด์ฐ๊ธฐ์๋ํ์คํธ๋งค์ฐ๋งค์ฐ๊ธธ๊ณ๋์ด์ฐ๊ธฐ์๋ํ์คํธ๋งค์ฐ๋งค์ฐ๊ธธ๊ณ๋์ด์ฐ๊ธฐ์๋ํ์คํธ๋งค์ฐ๋งค์ฐ๊ธธ๊ณ๋์ด์ฐ๊ธฐ์๋ํ์คํธ๋งค์ฐ๋งค์ฐ๊ธธ๊ณ๋์ด์ฐ๊ธฐ์๋ํ์คํธ๋งค์ฐ๋งค์ฐ๊ธธ๊ณ๋์ด์ฐ๊ธฐ์๋ํ์คํธ๋งค์ฐ๋งค์ฐ๊ธธ๊ณ๋์ด์ฐ๊ธฐ์๋ํ์คํธ๋งค์ฐ๋งค์ฐ๊ธธ๊ณ๋์ด์ฐ๊ธฐ์๋ํ์คํธ๋งค์ฐ๋งค์ฐ๊ธธ๊ณ๋์ด์ฐ๊ธฐ์๋ํ์คํธ๋งค์ฐ๋งค์ฐ๊ธธ๊ณ๋์ด์ฐ๊ธฐ์๋ํ์คํธ๋งค์ฐ๋งค์ฐ๊ธธ๊ณ๋์ด์ฐ๊ธฐ์๋ํ์คํธ๋งค์ฐ๋งค์ฐ๊ธธ๊ณ๋์ด์ฐ๊ธฐ์๋ํ์คํธ๋งค์ฐ๋งค์ฐ๊ธธ๊ณ๋์ด์ฐ๊ธฐ์๋ํ์คํธ๋งค์ฐ๋งค์ฐ๊ธธ๊ณ๋์ด์ฐ๊ธฐ์๋ํ์คํธ๋งค์ฐ๋งค์ฐ๊ธธ๊ณ๋์ด์ฐ๊ธฐ์๋ํ์คํธ๋งค์ฐ๋งค์ฐ๊ธธ๊ณ๋์ด์ฐ๊ธฐ์๋ํ์คํธ๋งค์ฐ๋งค์ฐ๊ธธ๊ณ๋์ด์ฐ๊ธฐ์๋ํ์คํธ๋งค์ฐ๋งค์ฐ๊ธธ๊ณ๋์ด์ฐ๊ธฐ์๋ํ์คํธ๋งค์ฐ๋งค์ฐ๊ธธ๊ณ๋์ด์ฐ๊ธฐ์๋ํ์คํธ๋งค์ฐ๋งค์ฐ๊ธธ๊ณ๋์ด์ฐ๊ธฐ์๋ํ์คํธ๋งค์ฐ๋งค์ฐ๊ธธ๊ณ๋์ด์ฐ๊ธฐ์๋ํ์คํธ๋งค์ฐ๋งค์ฐ๊ธธ๊ณ๋์ด์ฐ๊ธฐ์๋ํ์คํธ๋งค์ฐ๋งค์ฐ๊ธธ๊ณ๋์ด์ฐ๊ธฐ์๋ํ์คํธ๋งค์ฐ๋งค์ฐ๊ธธ๊ณ๋์ด์ฐ๊ธฐ์๋ํ์คํธ\n\n๊ทธ๋ฆฌ๊ณ ๋์ด์ฐ๊ธฐ๋\nline break ์๋ ํ์คํธ'),
    ('V1', 30, 10, '์์ธ๊ณ๋ฐฑํ์ ๊ฐ๋จ์', '2025-02-22T22:04:44', 'ZEROBASEONE', '2025-02-21', '2025-03-06', '10:00','18:00', '5์ธต ์ฌ์ด์ฆ ํฌ๋์คํธ', '์งง์ ํ์์คํ์ด ์ค๋ช', '๋งค์ฐ๋งค์ฐ๊ธธ๊ณ๋์ด์ฐ๊ธฐ์๋ํ์คํธ๋งค์ฐ๋งค์ฐ๊ธธ๊ณ๋์ด์ฐ๊ธฐ์๋ํ์คํธ๋งค์ฐ๋งค์ฐ๊ธธ๊ณ๋์ด์ฐ๊ธฐ์๋ํ์คํธ๋งค์ฐ๋งค์ฐ๊ธธ๊ณ๋์ด์ฐ๊ธฐ์๋ํ์คํธ๋งค์ฐ๋งค์ฐ๊ธธ๊ณ๋์ด์ฐ๊ธฐ์๋ํ์คํธ๋งค์ฐ๋งค์ฐ๊ธธ๊ณ๋์ด์ฐ๊ธฐ์๋ํ์คํธ๋งค์ฐ๋งค์ฐ๊ธธ๊ณ๋์ด์ฐ๊ธฐ์๋ํ์คํธ๋งค์ฐ๋งค์ฐ๊ธธ๊ณ๋์ด์ฐ๊ธฐ์๋ํ์คํธ๋งค์ฐ๋งค์ฐ๊ธธ๊ณ๋์ด์ฐ๊ธฐ์๋ํ์คํธ๋งค์ฐ๋งค์ฐ๊ธธ๊ณ๋์ด์ฐ๊ธฐ์๋ํ์คํธ๋งค์ฐ๋งค์ฐ๊ธธ๊ณ๋์ด์ฐ๊ธฐ์๋ํ์คํธ๋งค์ฐ๋งค์ฐ๊ธธ๊ณ๋์ด์ฐ๊ธฐ์๋ํ์คํธ๋งค์ฐ๋งค์ฐ๊ธธ๊ณ๋์ด์ฐ๊ธฐ์๋ํ์คํธ๋งค์ฐ๋งค์ฐ๊ธธ๊ณ๋์ด์ฐ๊ธฐ์๋ํ์คํธ๋งค์ฐ๋งค์ฐ๊ธธ๊ณ๋์ด์ฐ๊ธฐ์๋ํ์คํธ๋งค์ฐ๋งค์ฐ๊ธธ๊ณ๋์ด์ฐ๊ธฐ์๋ํ์คํธ๋งค์ฐ๋งค์ฐ๊ธธ๊ณ๋์ด์ฐ๊ธฐ์๋ํ์คํธ๋งค์ฐ๋งค์ฐ๊ธธ๊ณ๋์ด์ฐ๊ธฐ์๋ํ์คํธ๋งค์ฐ๋งค์ฐ๊ธธ๊ณ๋์ด์ฐ๊ธฐ์๋ํ์คํธ๋งค์ฐ๋งค์ฐ๊ธธ๊ณ๋์ด์ฐ๊ธฐ์๋ํ์คํธ๋งค์ฐ๋งค์ฐ๊ธธ๊ณ๋์ด์ฐ๊ธฐ์๋ํ์คํธ๋งค์ฐ๋งค์ฐ๊ธธ๊ณ๋์ด์ฐ๊ธฐ์๋ํ์คํธ๋งค์ฐ๋งค์ฐ๊ธธ๊ณ๋์ด์ฐ๊ธฐ์๋ํ์คํธ๋งค์ฐ๋งค์ฐ๊ธธ๊ณ๋์ด์ฐ๊ธฐ์๋ํ์คํธ๋งค์ฐ๋งค์ฐ๊ธธ๊ณ๋์ด์ฐ๊ธฐ์๋ํ์คํธ๋งค์ฐ๋งค์ฐ๊ธธ๊ณ๋์ด์ฐ๊ธฐ์๋ํ์คํธ๋งค์ฐ๋งค์ฐ๊ธธ๊ณ๋์ด์ฐ๊ธฐ์๋ํ์คํธ๋งค์ฐ๋งค์ฐ๊ธธ๊ณ๋์ด์ฐ๊ธฐ์๋ํ์คํธ๋งค์ฐ๋งค์ฐ๊ธธ๊ณ๋์ด์ฐ๊ธฐ์๋ํ์คํธ\n\n๊ทธ๋ฆฌ๊ณ ๋์ด์ฐ๊ธฐ๋\nline break ์๋ ํ์คํธ'),
    ('V1', 30, 10, '์์ธ๊ณ๋ฐฑํ์ ๊ฐ๋จ์', '2025-02-22T22:04:44', 'ZEROBASEONE', '2025-02-21', '2025-03-06', '10:00','18:00', '5์ธต ์ฌ์ด์ฆ ํฌ๋์คํธ', '์งง์ ํ์์คํ์ด ์ค๋ช', '๋งค์ฐ๋งค์ฐ๊ธธ๊ณ๋์ด์ฐ๊ธฐ์๋ํ์คํธ๋งค์ฐ๋งค์ฐ๊ธธ๊ณ๋์ด์ฐ๊ธฐ์๋ํ์คํธ๋งค์ฐ๋งค์ฐ๊ธธ๊ณ๋์ด์ฐ๊ธฐ์๋ํ์คํธ๋งค์ฐ๋งค์ฐ๊ธธ๊ณ๋์ด์ฐ๊ธฐ์๋ํ์คํธ๋งค์ฐ๋งค์ฐ๊ธธ๊ณ๋์ด์ฐ๊ธฐ์๋ํ์คํธ๋งค์ฐ๋งค์ฐ๊ธธ๊ณ๋์ด์ฐ๊ธฐ์๋ํ์คํธ๋งค์ฐ๋งค์ฐ๊ธธ๊ณ๋์ด์ฐ๊ธฐ์๋ํ์คํธ๋งค์ฐ๋งค์ฐ๊ธธ๊ณ๋์ด์ฐ๊ธฐ์๋ํ์คํธ๋งค์ฐ๋งค์ฐ๊ธธ๊ณ๋์ด์ฐ๊ธฐ์๋ํ์คํธ๋งค์ฐ๋งค์ฐ๊ธธ๊ณ๋์ด์ฐ๊ธฐ์๋ํ์คํธ๋งค์ฐ๋งค์ฐ๊ธธ๊ณ๋์ด์ฐ๊ธฐ์๋ํ์คํธ๋งค์ฐ๋งค์ฐ๊ธธ๊ณ๋์ด์ฐ๊ธฐ์๋ํ์คํธ๋งค์ฐ๋งค์ฐ๊ธธ๊ณ๋์ด์ฐ๊ธฐ์๋ํ์คํธ๋งค์ฐ๋งค์ฐ๊ธธ๊ณ๋์ด์ฐ๊ธฐ์๋ํ์คํธ๋งค์ฐ๋งค์ฐ๊ธธ๊ณ๋์ด์ฐ๊ธฐ์๋ํ์คํธ๋งค์ฐ๋งค์ฐ๊ธธ๊ณ๋์ด์ฐ๊ธฐ์๋ํ์คํธ๋งค์ฐ๋งค์ฐ๊ธธ๊ณ๋์ด์ฐ๊ธฐ์๋ํ์คํธ๋งค์ฐ๋งค์ฐ๊ธธ๊ณ๋์ด์ฐ๊ธฐ์๋ํ์คํธ๋งค์ฐ๋งค์ฐ๊ธธ๊ณ๋์ด์ฐ๊ธฐ์๋ํ์คํธ๋งค์ฐ๋งค์ฐ๊ธธ๊ณ๋์ด์ฐ๊ธฐ์๋ํ์คํธ๋งค์ฐ๋งค์ฐ๊ธธ๊ณ๋์ด์ฐ๊ธฐ์๋ํ์คํธ๋งค์ฐ๋งค์ฐ๊ธธ๊ณ๋์ด์ฐ๊ธฐ์๋ํ์คํธ๋งค์ฐ๋งค์ฐ๊ธธ๊ณ๋์ด์ฐ๊ธฐ์๋ํ์คํธ๋งค์ฐ๋งค์ฐ๊ธธ๊ณ๋์ด์ฐ๊ธฐ์๋ํ์คํธ๋งค์ฐ๋งค์ฐ๊ธธ๊ณ๋์ด์ฐ๊ธฐ์๋ํ์คํธ๋งค์ฐ๋งค์ฐ๊ธธ๊ณ๋์ด์ฐ๊ธฐ์๋ํ์คํธ๋งค์ฐ๋งค์ฐ๊ธธ๊ณ๋์ด์ฐ๊ธฐ์๋ํ์คํธ๋งค์ฐ๋งค์ฐ๊ธธ๊ณ๋์ด์ฐ๊ธฐ์๋ํ์คํธ๋งค์ฐ๋งค์ฐ๊ธธ๊ณ๋์ด์ฐ๊ธฐ์๋ํ์คํธ\n\n๊ทธ๋ฆฌ๊ณ ๋์ด์ฐ๊ธฐ๋\nline break ์๋ ํ์คํธ')
;


-- ํ์ ํ์ด๋ธ
-- member_pw๋ Abcd123!์ ์ธ์ฝ๋ฉํ ๊ฐ์.
INSERT INTO member(store_store_id, member_id, member_pw, member_name, member_phone, member_birth, member_gender, member_role, created_at, last_modified_at)
VALUES
    (null, 'admin', '$2a$10$sz8Mcqadio/vMdOe5CD5UuUWzhHPV7RWzzovhj8vLUN5b3I0NCIfW', '๊ด๋ฆฌ์', '01098765432', '1990-05-21', 'MALE', 'ADMIN', '2025-02-22T22:04:44', '2025-02-22T22:04:44'),
    (1, 'manager001', '$2a$10$sz8Mcqadio/vMdOe5CD5UuUWzhHPV7RWzzovhj8vLUN5b3I0NCIfW', '์ด์์1',  null, null, null, 'MANAGER', '2025-02-22T22:04:44', '2025-02-22T22:04:44'),
    (2, 'manager002', '$2a$10$sz8Mcqadio/vMdOe5CD5UuUWzhHPV7RWzzovhj8vLUN5b3I0NCIfW', '์ด์์2',  null, null, null, 'MANAGER', '2025-02-22T22:04:44', '2025-02-22T22:04:44'),
    (3, 'manager003', '$2a$10$sz8Mcqadio/vMdOe5CD5UuUWzhHPV7RWzzovhj8vLUN5b3I0NCIfW', '์ด์์3', null, null, null, 'MANAGER', '2025-02-22T22:04:44', '2025-02-22T22:04:44'),
    (4, 'manager004', '$2a$10$sz8Mcqadio/vMdOe5CD5UuUWzhHPV7RWzzovhj8vLUN5b3I0NCIfW', '์ด์์4', null, null, null, 'MANAGER', '2025-02-22T22:04:44', '2025-02-22T22:04:44'),
    (5, 'manager005', '$2a$10$sz8Mcqadio/vMdOe5CD5UuUWzhHPV7RWzzovhj8vLUN5b3I0NCIfW', '์ด์์5', null, null, null, 'MANAGER', '2025-02-22T22:04:44', '2025-02-22T22:04:44'),
    (null, 'qriositylog@gmail.com', '$2a$10$sz8Mcqadio/vMdOe5CD5UuUWzhHPV7RWzzovhj8vLUN5b3I0NCIfW', 'ํ๋ฆฌ', '01012345678', '1998-07-24', 'FEMALE', 'MEMBER', '2025-02-22T22:04:44', '2025-02-22T22:04:44'),
    (null, 'qriositylog+1@gmail.com', '$2a$10$sz8Mcqadio/vMdOe5CD5UuUWzhHPV7RWzzovhj8vLUN5b3I0NCIfW', 'ํ๋ฆฌ1', '01012345678', '1998-07-24', 'FEMALE', 'MEMBER', '2025-02-22T22:04:44', '2025-02-22T22:04:44'),
    (null, 'qriositylog+2@gmail.com', '$2a$10$sz8Mcqadio/vMdOe5CD5UuUWzhHPV7RWzzovhj8vLUN5b3I0NCIfW', 'ํ๋ฆฌ2', '01012345678', '1998-07-24', 'FEMALE', 'MEMBER', '2025-02-22T22:04:44', '2025-02-22T22:04:44'),
    (null, 'qriositylog+3@gmail.com', '$2a$10$sz8Mcqadio/vMdOe5CD5UuUWzhHPV7RWzzovhj8vLUN5b3I0NCIfW', 'ํ๋ฆฌ3', '01012345678', '1998-07-24', 'FEMALE', 'MEMBER', '2025-02-22T22:04:44', '2025-02-22T22:04:44'),
    (null, 'qriositylog+4@gmail.com', '$2a$10$sz8Mcqadio/vMdOe5CD5UuUWzhHPV7RWzzovhj8vLUN5b3I0NCIfW', 'ํ๋ฆฌ4', '01012345678', '1998-07-24', 'FEMALE', 'MEMBER', '2025-02-22T22:04:44', '2025-02-22T22:04:44'),
    (null, 'qriositylog+5@gmail.com', '$2a$10$sz8Mcqadio/vMdOe5CD5UuUWzhHPV7RWzzovhj8vLUN5b3I0NCIfW', 'ํ๋ฆฌ5', '01012345678', '1998-07-24', 'FEMALE', 'MEMBER', '2025-02-22T22:04:44', '2025-02-22T22:04:44'),
    (null, 'qriositylog+6@gmail.com', '$2a$10$sz8Mcqadio/vMdOe5CD5UuUWzhHPV7RWzzovhj8vLUN5b3I0NCIfW', 'ํ๋ฆฌ6', '01012345678', '1998-07-24', 'FEMALE', 'MEMBER', '2025-02-22T22:04:44', '2025-02-22T22:04:44'),
    (null, 'qriositylog+7@gmail.com', '$2a$10$sz8Mcqadio/vMdOe5CD5UuUWzhHPV7RWzzovhj8vLUN5b3I0NCIfW', 'ํ๋ฆฌ7', '01012345678', '1998-07-24', 'FEMALE', 'MEMBER', '2025-02-22T22:04:44', '2025-02-22T22:04:44'),
    (null, 'qriositylog+8@gmail.com', '$2a$10$sz8Mcqadio/vMdOe5CD5UuUWzhHPV7RWzzovhj8vLUN5b3I0NCIfW', 'ํ๋ฆฌ8', '01012345678', '1998-07-24', 'FEMALE', 'MEMBER', '2025-02-22T22:04:44', '2025-02-22T22:04:44'),
    (null, 'qriositylog+9@gmail.com', '$2a$10$sz8Mcqadio/vMdOe5CD5UuUWzhHPV7RWzzovhj8vLUN5b3I0NCIfW', 'ํ๋ฆฌ9', '01012345678', '1998-07-24', 'FEMALE', 'MEMBER', '2025-02-22T22:04:44', '2025-02-22T22:04:44')
;


-- ํ์์คํ์ด ์นดํ๊ณ๋ฆฌ ํ์ด๋ธ
-- ๊ฐ๋์ฑ์ ์ํด ์ผ๋ถ๋ฌ category_id๋ ์์ด๋์
INSERT INTO category(category_id, category_name, category_desc)
VALUES
    (1, '์ํฐ์คํธ', '์ํฐ์คํธ ์ฝ๋ผ๋ณด๋์ด์'),
    (2, 'ํจ์', 'ํจ์ ๋ธ๋๋ ํ์ฌ'),
    (3, '๋ทฐํฐ', 'ํ์ฅํ ๋ธ๋๋ ํ์ฌ'),
    (4, '์บ๋ฆญํฐ', '์บ๋ฆญํฐ/IP ํ์ฌ'),
    (5, 'ํค๋ํธ', 'ํ๋ฆฌ๊ฐ ์กฐ์ํ๋๊ฑฐ'),
    (6, 'ํธ๋', 'ํธ๋ ๋ธ๋๋ ํ์ฌ'),
    (7, '๋น๊ฑด', '๊ฐ์ฑ์์ธ ๋ง์ด ๋์ค๋ฅด์ง ์๋๋ค'),
    (8, '๋ธ๋๋', '๋ธ๋๋ ํ์ฌ'),
    (9, '๊ธฐํ', '')
;


-- ํ์์คํ์ด - ์นดํ๊ณ๋ฆฌ ์ค๊ณ ํ์ด๋ธ
INSERT INTO store_category(store_store_id, category_category_id)
VALUES
    (1, 1),

    (2, 3),
    (2, 7),
    (2, 8),

    (3, 1),
    (3, 9),
    (4, 4),
    (5, 4),
    (5, 5),

    (6, 9),
    (7, 9),
    (8, 9),
    (9, 9),
    (10, 9),
    (11, 9),
    (12, 9),
    (13, 9),
    (14, 9)
;


-- ํ์์คํ์ด ์ด๋ฏธ์ง ํ์ด๋ธ
INSERT INTO store_image(store_store_id, store_image_tag, store_image_link)
VALUES
    (1, 'MAIN_THUMBNAIL', 'https://imgprism.ehyundai.com/evntCrdInf/imgPath2/202502/18/75b6af99-a686-4efe-b193-177fd8c122ad.jpg'),
    (1, 'SUB_THUMBNAIL', 'https://imgprism.ehyundai.com/evntCrdInf/imgPath2/202502/18/75b6af99-a686-4efe-b193-177fd8c122ad.jpg'),
    (1, 'CONTENT_DETAIL', 'https://imgprism.ehyundai.com/evntCrdInf/imgPath/202502/18/52027cc3-4ac0-4de9-8f4b-954a0178e6f8.jpg'),

    (2, 'MAIN_THUMBNAIL', 'https://imgprism.ehyundai.com/evntCrdInf/imgPath2/202502/15/19b6074d-de80-48c3-a16b-f26f60eebc95.jpg'),
    (2, 'SUB_THUMBNAIL', 'https://imgprism.ehyundai.com/evntCrdInf/imgPath2/202502/15/19b6074d-de80-48c3-a16b-f26f60eebc95.jpg'),
    (2, 'CONTENT_DETAIL', 'https://imgprism.ehyundai.com/evntCrdInf/imgPath/202502/15/752e1b82-e164-4d35-8d24-263cd9c373f9.jpg'),
    (2, 'CONTENT_DETAIL', 'https://imgprism.ehyundai.com/evntCrdInf/imgPath/202502/15/752e1b82-e164-4d35-8d24-263cd9c373f9.jpg'),
    (2, 'CONTENT_DETAIL', 'https://imgprism.ehyundai.com/evntCrdInf/imgPath/202502/15/752e1b82-e164-4d35-8d24-263cd9c373f9.jpg'),

    (3, 'MAIN_THUMBNAIL', 'https://d8nffddmkwqeq.cloudfront.net/store/41e90e0e%2C905a%2C4601%2C93e5%2Cbf8b5aa99d7a'),
    (3, 'SUB_THUMBNAIL', 'https://d8nffddmkwqeq.cloudfront.net/store/41e90e0e%2C905a%2C4601%2C93e5%2Cbf8b5aa99d7a'),
    (3, 'CONTENT_DETAIL', 'https://d8nffddmkwqeq.cloudfront.net/store/41e90e0e%2C905a%2C4601%2C93e5%2Cbf8b5aa99d7a'),

    (4, 'MAIN_THUMBNAIL', 'https://d8nffddmkwqeq.cloudfront.net/store/e010297d%2Cf8fb%2C4dfa%2Ca58b%2C9940977a8a22'),
    (4, 'SUB_THUMBNAIL', 'https://d8nffddmkwqeq.cloudfront.net/store/e010297d%2Cf8fb%2C4dfa%2Ca58b%2C9940977a8a22'),
    (4, 'CONTENT_DETAIL', 'https://d8nffddmkwqeq.cloudfront.net/store/e010297d%2Cf8fb%2C4dfa%2Ca58b%2C9940977a8a22'),

    (5, 'MAIN_THUMBNAIL', 'https://d8nffddmkwqeq.cloudfront.net/store/e70ff60a%2Cf631%2C482e%2Cb5bf%2Cfa2e4ac0948d'),
    (5, 'SUB_THUMBNAIL', 'https://d8nffddmkwqeq.cloudfront.net/store/e70ff60a%2Cf631%2C482e%2Cb5bf%2Cfa2e4ac0948d'),
    (5, 'CONTENT_DETAIL', 'https://d8nffddmkwqeq.cloudfront.net/store/e70ff60a%2Cf631%2C482e%2Cb5bf%2Cfa2e4ac0948d'),
    (5, 'CONTENT_DETAIL', 'https://d8nffddmkwqeq.cloudfront.net/store/c00aa809%2C90ea%2C4de2%2C86ad%2C580d276214e0'),
    (5, 'CONTENT_DETAIL', 'https://d8nffddmkwqeq.cloudfront.net/store/e8049e66%2C035d%2C472f%2C92cf%2C2ffa64b19c74'),
    (5, 'CONTENT_DETAIL', 'https://d8nffddmkwqeq.cloudfront.net/store/e59499ff%2C9904%2C48b0%2C998d%2Cdf71aceae43b'),
    (5, 'CONTENT_DETAIL', 'https://d8nffddmkwqeq.cloudfront.net/store/e2b8e6d4%2C3f5e%2C4c3b%2Cbfa0%2C2e1faa600bc7'),

    (6, 'MAIN_THUMBNAIL', 'https://imgprism.ehyundai.com/evntCrdInf/imgPath2/202502/15/19b6074d-de80-48c3-a16b-f26f60eebc95.jpg'),
    (6, 'SUB_THUMBNAIL', 'https://imgprism.ehyundai.com/evntCrdInf/imgPath2/202502/15/19b6074d-de80-48c3-a16b-f26f60eebc95.jpg'),
    (6, 'CONTENT_DETAIL', 'https://imgprism.ehyundai.com/evntCrdInf/imgPath/202502/15/752e1b82-e164-4d35-8d24-263cd9c373f9.jpg'),

    (7, 'MAIN_THUMBNAIL', 'https://imgprism.ehyundai.com/evntCrdInf/imgPath2/202502/15/19b6074d-de80-48c3-a16b-f26f60eebc95.jpg'),
    (7, 'SUB_THUMBNAIL', 'https://imgprism.ehyundai.com/evntCrdInf/imgPath2/202502/15/19b6074d-de80-48c3-a16b-f26f60eebc95.jpg'),
    (7, 'CONTENT_DETAIL', 'https://imgprism.ehyundai.com/evntCrdInf/imgPath/202502/15/752e1b82-e164-4d35-8d24-263cd9c373f9.jpg'),

    (8, 'MAIN_THUMBNAIL', 'https://imgprism.ehyundai.com/evntCrdInf/imgPath2/202502/15/19b6074d-de80-48c3-a16b-f26f60eebc95.jpg'),
    (8, 'SUB_THUMBNAIL', 'https://imgprism.ehyundai.com/evntCrdInf/imgPath2/202502/15/19b6074d-de80-48c3-a16b-f26f60eebc95.jpg'),
    (8, 'CONTENT_DETAIL', 'https://imgprism.ehyundai.com/evntCrdInf/imgPath/202502/15/752e1b82-e164-4d35-8d24-263cd9c373f9.jpg'),

    (9, 'MAIN_THUMBNAIL', 'https://imgprism.ehyundai.com/evntCrdInf/imgPath2/202502/15/19b6074d-de80-48c3-a16b-f26f60eebc95.jpg'),
    (9, 'SUB_THUMBNAIL', 'https://imgprism.ehyundai.com/evntCrdInf/imgPath2/202502/15/19b6074d-de80-48c3-a16b-f26f60eebc95.jpg'),
    (9, 'CONTENT_DETAIL', 'https://imgprism.ehyundai.com/evntCrdInf/imgPath/202502/15/752e1b82-e164-4d35-8d24-263cd9c373f9.jpg'),

    (10, 'MAIN_THUMBNAIL', 'https://imgprism.ehyundai.com/evntCrdInf/imgPath2/202502/15/19b6074d-de80-48c3-a16b-f26f60eebc95.jpg'),
    (10, 'SUB_THUMBNAIL', 'https://imgprism.ehyundai.com/evntCrdInf/imgPath2/202502/15/19b6074d-de80-48c3-a16b-f26f60eebc95.jpg'),
    (10, 'CONTENT_DETAIL', 'https://imgprism.ehyundai.com/evntCrdInf/imgPath/202502/15/752e1b82-e164-4d35-8d24-263cd9c373f9.jpg'),

    (11, 'MAIN_THUMBNAIL', 'https://imgprism.ehyundai.com/evntCrdInf/imgPath2/202502/15/19b6074d-de80-48c3-a16b-f26f60eebc95.jpg'),
    (11, 'SUB_THUMBNAIL', 'https://imgprism.ehyundai.com/evntCrdInf/imgPath2/202502/15/19b6074d-de80-48c3-a16b-f26f60eebc95.jpg'),
    (11, 'CONTENT_DETAIL', 'https://imgprism.ehyundai.com/evntCrdInf/imgPath/202502/15/752e1b82-e164-4d35-8d24-263cd9c373f9.jpg'),

    (12, 'MAIN_THUMBNAIL', 'https://imgprism.ehyundai.com/evntCrdInf/imgPath2/202502/15/19b6074d-de80-48c3-a16b-f26f60eebc95.jpg'),
    (12, 'SUB_THUMBNAIL', 'https://imgprism.ehyundai.com/evntCrdInf/imgPath2/202502/15/19b6074d-de80-48c3-a16b-f26f60eebc95.jpg'),
    (12, 'CONTENT_DETAIL', 'https://imgprism.ehyundai.com/evntCrdInf/imgPath/202502/15/752e1b82-e164-4d35-8d24-263cd9c373f9.jpg'),

    (13, 'MAIN_THUMBNAIL', 'https://imgprism.ehyundai.com/evntCrdInf/imgPath2/202502/15/19b6074d-de80-48c3-a16b-f26f60eebc95.jpg'),
    (13, 'SUB_THUMBNAIL', 'https://imgprism.ehyundai.com/evntCrdInf/imgPath2/202502/15/19b6074d-de80-48c3-a16b-f26f60eebc95.jpg'),
    (13, 'CONTENT_DETAIL', 'https://imgprism.ehyundai.com/evntCrdInf/imgPath/202502/15/752e1b82-e164-4d35-8d24-263cd9c373f9.jpg'),

    (14, 'MAIN_THUMBNAIL', 'https://imgprism.ehyundai.com/evntCrdInf/imgPath2/202502/15/19b6074d-de80-48c3-a16b-f26f60eebc95.jpg'),
    (14, 'SUB_THUMBNAIL', 'https://imgprism.ehyundai.com/evntCrdInf/imgPath2/202502/15/19b6074d-de80-48c3-a16b-f26f60eebc95.jpg'),
    (14, 'CONTENT_DETAIL', 'https://imgprism.ehyundai.com/evntCrdInf/imgPath/202502/15/752e1b82-e164-4d35-8d24-263cd9c373f9.jpg')
;


-- ํ์์คํ์ด ๊ณต์ง์ฌํญ ํ์ด๋ธ
INSERT INTO store_announcement(store_store_id, title, content, created_at, last_modified_at)
VALUES
    (1, '์ฒซ ๋ฒ์งธ ๊ณต์ง์ฌํญ์ด์์ค', '๋ค ์ฝ์ผ์จ์ฃ?\n๊ทธ๋ผ ์๋ํ๊ณ์์ค', '2025-02-22T22:04:44', '2025-02-22T22:04:44'),
    (1, '๋ ๋ฒ์งธ ๊ณต์ง์ฌํญ์ด์์ค', '๋ค ์ฝ์ผ์จ์ฃ?\n๊ทธ๋ผ ์๋ํ๊ณ์์ค', '2025-02-22T22:04:44', '2025-02-22T22:04:44'),
    (2, '์ฒซ ๋ฒ์งธ ๊ณต์ง์ฌํญ์ด์์ค', '๋ค ์ฝ์ผ์จ์ฃ?\n๊ทธ๋ผ ์๋ํ๊ณ์์ค', '2025-02-22T22:04:44', '2025-02-22T22:04:44')
;


-- ํ์์คํ์ด ์์ฝ ์ํธ๋ฆฌ
-- ๋ถํ ํ์คํธ๋ 3๋ฒ ์ํธ๋ฆฌ
-- v1 ํ์คํธ๋ 4๋ฒ ์ํธ๋ฆฌ: ์์ฒด status ๋ณ๊ฒฝ flow ํ์คํธ์ฉ
-- v2 ํ์คํธ๋ 5๋ฒ ์ํธ๋ฆฌ
INSERT INTO reservation_entry(reservation_entry_id, store_store_id, entry_date, entry_time, capacity, entry_status, reserved_count)
VALUES
    (1,1, '2025-02-24', '12:00:00', 1, 'OPEN', 0),
    (2,1, '2025-02-25', '14:00:00', 2, 'OPEN', 0),
    (3,1, '2025-02-25', '14:30:00', 10000, 'OPEN', 0),
    (4,1, '2025-02-26', '17:00:00', 1000, 'OPEN', 0),
    (5,1, '2025-02-26', '17:30:00', 1000, 'OPEN', 1),
    (6,1, '2025-02-25', '23:00:00', 1000, 'CLOSED', 0),
    (7,2, '2025-02-28', '10:00:00', 1, 'OPEN', 0)
;


-- ํ์์คํ์ด ์์ฝ ๋ด์ญ
-- v1 ํ์คํธ์ฉ
INSERT INTO reservation(member_member_code, store_store_id, reservation_entry_reservation_entry_id, reserved_date_time, headcount, reservation_status, created_at)
VALUES
    (3, 1, 5, '2025-02-26T17:00:00', 1, 'RESERVE_PENDING', '2025-02-22T22:04:44'),
    (4, 1, 5, '2025-02-26T17:00:00', 1, 'RESERVE_PENDING', '2025-02-22T22:04:44'),
    (5, 1, 5, '2025-02-26T17:00:00', 1, 'RESERVE_PENDING', '2025-02-22T22:04:44'),
    (6, 1, 5, '2025-02-26T17:00:00', 1, 'RESERVE_PENDING', '2025-02-22T22:04:44'),
    (7, 1, 5, '2025-02-26T17:00:00', 1, 'RESERVE_PENDING', '2025-02-22T22:04:44'),
    (8, 1, 5, '2025-02-26T17:00:00', 1, 'RESERVE_PENDING', '2025-02-22T22:04:44'),
    (9, 1, 5, '2025-02-26T17:00:00', 1, 'RESERVE_PENDING', '2025-02-22T22:04:44'),
    (10, 1, 5, '2025-02-26T17:00:00', 1, 'CONFIRMED', '2025-02-22T22:04:44'),
    (11, 1, 5, '2025-02-26T17:00:00', 1, 'CANCEL_PENDING', '2025-02-22T22:04:44'),
    (12, 1, 5, '2025-02-26T17:00:00', 1, 'CANCELED', '2025-02-22T22:04:44'),

    (12, 1, 5, '2025-02-26T17:00:00', 1, 'CANCELED', '2025-02-23T22:04:44')
;


-- ํ์์คํ์ด ์์ฝ ๋ก๊ทธ (์์ฝ ๋ด์ญ๊ณผ ์ผ์นํด์ผ ํจ)
INSERT INTO reservation_log(reservation_reservation_id, reserve_method, reservation_status, reservation_status_timestamp)
VALUES
    (1, 'V1', 'RESERVE_PENDING', '2025-02-22T22:04:44'),
    (2, 'V1', 'RESERVE_PENDING', '2025-02-22T22:04:44'),
    (3, 'V1', 'RESERVE_PENDING', '2025-02-22T22:04:44'),
    (4, 'V1', 'RESERVE_PENDING', '2025-02-22T22:04:44'),
    (5, 'V1', 'RESERVE_PENDING', '2025-02-22T22:04:44'),
    (6, 'V1', 'RESERVE_PENDING', '2025-02-22T22:04:44'),
    (7, 'V1', 'RESERVE_PENDING', '2025-02-22T22:04:44'),

    (8, 'V1', 'RESERVE_PENDING', '2025-02-22T22:04:44'),
    (8, 'V1', 'CONFIRMED', '2025-02-22T22:04:44'),

    (9, 'V1', 'RESERVE_PENDING', '2025-02-22T22:04:44'),
    (9, 'V1', 'CONFIRMED', '2025-02-22T22:04:44'),
    (9, 'V1', 'CANCEL_PENDING', '2025-02-22T22:04:44'),

    (10, 'V1', 'RESERVE_PENDING', '2025-02-22T22:04:44'),
    (10, 'V1', 'CONFIRMED', '2025-02-22T22:04:44'),
    (10, 'V1', 'CANCEL_PENDING', '2025-02-22T22:04:44'),
    (10, 'V1', 'CANCELED', '2025-02-22T22:04:44'),

    (11, 'V1', 'RESERVE_PENDING', '2025-02-23T22:04:44'),
    (11, 'V1', 'CANCELED', '2025-02-23T22:04:44')
;